421,g3,5,3rd,no
422,g3,5,2nd,no
424,g3,5,2nd,no
425,g3,6,1st,no
426,g3,7,1st,no
428,g3,5,2nd,no
429,g3,5,2nd,no
431,g3,10,1st,no
432,g3,6,2nd,no
435,g3,4,3rd,no
436,g3,3,3rd,no
438,g3,6,2nd,no
439,g3,6,2nd,no
441,g3,3,4th,no
442,g3,7,2nd,no
445,g3,5,2nd,no
447,g3,4,3rd,no
448,g3,5,2nd,no
451,g3,6,2nd,no
454,g3,5,3rd,no
456,g3,3,3rd,no
458,g3,8,1st,no
459,g3,9,1st,no
461,g3,9,1st,no
462,g3,5,2nd,no
465,g3,8,1st,no
467,g3,10,1st,no
468,g3,6,1st,no
471,g3,2,4th,no
474,g3,5,1st,no
477,g3,4,3rd,no
478,g3,7,1st,no
481,g3,5,1st,no
484,g3,2,4th,no
488,g3,5,2nd,no
491,g3,5,1st,no
492,g3,4,3rd,no
494,g3,5,2nd,no
495,g3,4,3rd,no
496,g3,3,3rd,no
498,g3,7,1st,no
499,g3,4,3rd,no
501,g3,4,3rd,no
502,g3,4,3rd,no
505,g3,5,2nd,no
506,g3,3,4th,no
508,g3,6,2nd,no
509,g3,4,2nd,no
511,g3,8,1st,no
512,g3,5,3rd,no
515,g3,5,2nd,no
517,g3,5,2nd,no
518,g3,2,4th,no
521,g3,6,1st,no
524,g3,3,3rd,no
526,g3,2,4th,no
528,g3,5,2nd,no
529,g3,5,2nd,no
531,g3,6,1st,no
532,g3,3,4th,no
535,g3,4,2nd,no
537,g3,5,2nd,no
538,g3,3,4th,no
541,g3,4,3rd,no
544,g3,6,1st,no
547,g3,6,2nd,no
548,g3,4,2nd,no
551,g3,5,2nd,no
554,g3,6,2nd,no
558,g3,2,4th,no
561,g3,18,3rd,no
562,g3,32,1st,no
564,g3,40,2nd,no
565,g3,56,1st,no
566,g3,25,3rd,no
568,g3,34,1st,no
569,g3,26,3rd,no
571,g3,38,1st,no
572,g3,20,4th,no
575,g3,30,2nd,no
576,g3,39,1st,no
578,g3,35,2nd,no
579,g3,37,1st,no
581,g3,26,2nd,no
582,g3,33,1st,no
585,g3,55,1st,no
587,g3,32,2nd,no
588,g3,26,1st,no
591,g3,33,1st,no
594,g3,39,1st,no
596,g3,17,4th,no
598,g3,31,2nd,no
599,g3,34,1st,no
601,g3,43,1st,no
602,g3,39,1st,no
605,g3,37,1st,no
607,g3,38,1st,no
608,g3,22,3rd,no
611,g3,42,1st,no
614,g3,28,1st,no
617,g3,50,1st,no
618,g3,46,1st,no
621,g3,38,1st,no
624,g3,36,1st,no
628,g3,40,1st,no
631,g3,23,3rd,no
632,g3,29,2nd,no
634,g3,28,2nd,no
635,g3,40,1st,no
636,g3,28,1st,no
638,g3,25,2nd,no
639,g3,32,1st,no
641,g3,29,1st,no
642,g3,22,3rd,no
645,g3,27,2nd,no
646,g3,24,2nd,no
648,g3,27,2nd,no
649,g3,41,1st,no
651,g3,24,3rd,no
652,g3,28,2nd,no
655,g3,40,1st,no
657,g3,20,4th,no
658,g3,30,2nd,no
661,g3,44,1st,no
664,g3,18,4th,no
666,g3,13,4th,no
668,g3,31,2nd,no
669,g3,20,3rd,no
671,g3,26,1st,no
672,g3,34,1st,no
675,g3,36,2nd,no
677,g3,49,1st,no
678,g3,30,2nd,no
681,g3,25,2nd,no
684,g3,20,3rd,no
687,g3,21,4th,no
688,g3,22,4th,no
691,g3,27,2nd,no
694,g3,23,3rd,no
698,g3,26,3rd,no
701,g3,148,2nd,no
702,g3,215,1st,no
704,g3,204,1st,no
705,g3,229,1st,no
706,g3,205,1st,no
708,g3,230,1st,no
709,g3,279,1st,no
711,g3,296,1st,no
712,g3,319,1st,no
715,g3,214,1st,no
716,g3,127,3rd,no
718,g3,203,1st,no
719,g3,251,1st,no
721,g3,123,2nd,no
722,g3,157,1st,no
725,g3,157,1st,no
727,g3,338,1st,no
728,g3,128,2nd,no
731,g3,196,1st,no
734,g3,271,1st,no
736,g3,113,3rd,no
738,g3,198,1st,no
739,g3,167,2nd,no
741,g3,188,1st,no
742,g3,200,1st,no
745,g3,181,1st,no
747,g3,188,1st,no
748,g3,289,1st,no
751,g3,194,1st,no
754,g3,242,1st,no
757,g3,216,1st,no
758,g3,102,4th,no
761,g3,192,1st,no
764,g3,132,2nd,no
768,g3,245,1st,no
771,g3,91,4th,no
772,g3,141,2nd,no
774,g3,205,1st,no
775,g3,220,1st,no
776,g3,176,1st,no
778,g3,164,2nd,no
779,g3,131,3rd,no
781,g3,136,2nd,no
782,g3,122,3rd,no
785,g3,133,2nd,no
786,g3,133,2nd,no
788,g3,145,2nd,no
789,g3,204,1st,no
791,g3,100,3rd,no
792,g3,125,3rd,no
795,g3,195,1st,no
797,g3,135,2nd,no
798,g3,178,1st,no
801,g3,108,4th,no
804,g3,169,1st,no
806,g3,135,2nd,no
808,g3,148,2nd,no
809,g3,156,2nd,no
811,g3,88,4th,no
812,g3,153,2nd,no
815,g3,185,1st,no
817,g3,157,1st,no
818,g3,123,3rd,no
821,g3,141,1st,no
824,g3,122,3rd,no
827,g3,91,4th,no
828,g3,122,3rd,no
831,g3,171,1st,no
834,g3,139,2nd,no
838,g3,113,3rd,no
1681,g3,4,2nd,no
1682,g3,7,1st,no
1684,g3,5,2nd,no
1685,g3,4,3rd,no
1686,g3,4,3rd,no
1688,g3,8,1st,no
1689,g3,5,2nd,no
1691,g3,8,1st,no
1692,g3,7,2nd,no
1695,g3,7,1st,no
1696,g3,7,1st,no
1698,g3,4,2nd,no
1699,g3,5,2nd,no
1701,g3,5,2nd,no
1702,g3,10,1st,no
1705,g3,9,1st,no
1707,g3,3,4th,no
1708,g3,8,1st,no
1711,g3,6,1st,no
1714,g3,5,2nd,no
1716,g3,6,2nd,no
1718,g3,11,1st,no
1719,g3,3,4th,no
1721,g3,4,3rd,no
1722,g3,3,4th,no
1725,g3,6,1st,no
1727,g3,7,1st,no
1728,g3,3,3rd,no
1731,g3,6,1st,no
1734,g3,5,2nd,no
1737,g3,3,4th,no
1738,g3,3,3rd,no
1741,g3,5,2nd,no
1744,g3,6,1st,no
1748,g3,5,2nd,no
1751,g3,4,3rd,no
1752,g3,3,4th,no
1754,g3,6,2nd,no
1755,g3,4,3rd,no
1756,g3,3,3rd,no
1758,g3,5,2nd,no
1759,g3,3,3rd,no
1761,g3,7,1st,no
1762,g3,4,2nd,no
1765,g3,6,2nd,no
1766,g3,4,3rd,no
1768,g3,5,2nd,no
1769,g3,4,2nd,no
1771,g3,4,2nd,no
1772,g3,4,3rd,no
1775,g3,3,3rd,no
1777,g3,4,4th,no
1778,g3,4,3rd,no
1781,g3,7,2nd,no
1784,g3,4,3rd,no
1786,g3,4,3rd,no
1788,g3,5,2nd,no
1789,g3,4,3rd,no
1791,g3,7,1st,no
1792,g3,4,2nd,no
1795,g3,6,1st,no
1797,g3,6,1st,no
1798,g3,6,1st,no
1801,g3,8,1st,no
1804,g3,3,4th,no
1807,g3,3,4th,no
1808,g3,5,2nd,no
1811,g3,4,3rd,no
1814,g3,3,4th,no
1818,g3,7,1st,no
1821,g3,36,2nd,no
1822,g3,29,1st,no
1824,g3,37,1st,no
1825,g3,34,2nd,no
1826,g3,42,1st,no
1828,g3,37,1st,no
1829,g3,39,2nd,no
1831,g3,50,1st,no
1832,g3,31,1st,no
1835,g3,36,1st,no
1836,g3,17,4th,no
1838,g3,36,1st,no
1839,g3,42,1st,no
1841,g3,17,4th,no
1842,g3,27,2nd,no
1845,g3,32,1st,no
1847,g3,39,1st,no
1848,g3,24,2nd,no
1851,g3,59,1st,no
1854,g3,30,2nd,no
1856,g3,25,2nd,no
1858,g3,46,1st,no
1859,g3,61,1st,no
1861,g3,30,1st,no
1862,g3,14,4th,no
1865,g3,37,1st,no
1867,g3,43,1st,no
1868,g3,29,1st,no
1871,g3,40,1st,no
1874,g3,39,1st,no
1877,g3,20,4th,no
1878,g3,28,2nd,no
1881,g3,36,2nd,no
1884,g3,41,1st,no
1888,g3,28,1st,no
1891,g3,16,4th,no
1892,g3,28,2nd,no
1894,g3,31,2nd,no
1895,g3,40,1st,no
1896,g3,25,2nd,no
1898,g3,25,3rd,no
1899,g3,26,3rd,no
1901,g3,38,1st,no
1902,g3,19,4th,no
1905,g3,29,2nd,no
1906,g3,38,1st,no
1908,g3,28,2nd,no
1909,g3,38,1st,no
1911,g3,19,4th,no
1912,g3,38,1st,no
1915,g3,34,1st,no
1917,g3,22,3rd,no
1918,g3,22,3rd,no
1921,g3,31,1st,no
1924,g3,31,1st,no
1926,g3,42,1st,no
1928,g3,23,3rd,no
1929,g3,48,1st,no
1931,g3,17,4th,no
1932,g3,27,2nd,no
1935,g3,27,2nd,no
1937,g3,21,4th,no
1938,g3,22,3rd,no
1941,g3,23,2nd,no
1944,g3,22,3rd,no
1947,g3,22,3rd,no
1948,g3,28,2nd,no
1951,g3,23,2nd,no
1954,g3,22,3rd,no
1958,g3,21,4th,no
1961,g3,88,3rd,no
1962,g3,103,4th,no
1964,g3,237,1st,no
1965,g3,168,1st,no
1966,g3,267,1st,no
1968,g3,317,1st,no
1969,g3,263,1st,no
1971,g3,193,1st,no
1972,g3,300,1st,no
1975,g3,277,1st,no
1976,g3,113,3rd,no
1978,g3,191,1st,no
1979,g3,277,1st,no
1981,g3,146,1st,no
1982,g3,120,3rd,no
1985,g3,178,1st,no
1987,g3,126,2nd,no
1988,g3,316,1st,no
1991,g3,242,1st,no
1994,g3,96,3rd,no
1996,g3,204,1st,no
1998,g3,212,1st,no
1999,g3,176,2nd,no
2001,g3,156,1st,no
2002,g3,98,4th,no
2005,g3,215,1st,no
2007,g3,190,1st,no
2008,g3,260,1st,no
2011,g3,171,1st,no
2014,g3,211,1st,no
2017,g3,139,1st,no
2018,g3,120,2nd,no
2021,g3,204,1st,no
2024,g3,152,1st,no
2028,g3,251,1st,no
2031,g3,106,3rd,no
2032,g3,80,4th,no
2034,g3,156,2nd,no
2035,g3,191,1st,no
2036,g3,94,4th,no
2038,g3,145,2nd,no
2039,g3,187,1st,no
2041,g3,89,4th,no
2042,g3,95,4th,no
2045,g3,179,1st,no
2046,g3,149,2nd,no
2048,g3,172,2nd,no
2049,g3,160,1st,no
2051,g3,97,3rd,no
2052,g3,96,4th,no
2055,g3,158,1st,no
2057,g3,141,2nd,no
2058,g3,92,4th,no
2061,g3,177,1st,no
2064,g3,157,1st,no
2066,g3,139,2nd,no
2068,g3,165,1st,no
2069,g3,155,2nd,no
2071,g3,186,1st,no
2072,g3,167,1st,no
2075,g3,143,2nd,no
2077,g3,184,1st,no
2078,g3,112,3rd,no
2081,g3,208,1st,no
2084,g3,147,2nd,no
2087,g3,126,3rd,no
2088,g3,168,1st,no
2091,g3,161,1st,no
2094,g3,113,3rd,no
2098,g3,121,3rd,no
2941,g3,8,1st,no
2942,g3,5,2nd,no
2944,g3,6,1st,no
2945,g3,5,2nd,no
2946,g3,4,2nd,no
2948,g3,8,1st,no
2949,g3,5,3rd,no
2951,g3,6,1st,no
2952,g3,6,2nd,no
2955,g3,5,2nd,no
2956,g3,4,3rd,no
2958,g3,7,1st,no
2959,g3,7,1st,no
2961,g3,5,2nd,no
2962,g3,5,3rd,no
2965,g3,8,1st,no
2967,g3,4,3rd,no
2968,g3,5,2nd,no
2971,g3,4,3rd,no
2974,g3,4,3rd,no
2976,g3,4,3rd,no
2978,g3,6,2nd,no
2979,g3,6,1st,no
2981,g3,6,2nd,no
2982,g3,4,3rd,no
2985,g3,6,1st,no
2987,g3,8,1st,no
2988,g3,4,2nd,no
2991,g3,8,1st,no
2994,g3,4,3rd,no
2997,g3,7,1st,no
2998,g3,5,2nd,no
3001,g3,5,2nd,no
3004,g3,4,3rd,no
3008,g3,4,3rd,no
3011,g3,7,1st,no
3012,g3,5,3rd,no
3014,g3,4,2nd,no
3015,g3,8,1st,no
3016,g3,4,3rd,no
3018,g3,5,2nd,no
3019,g3,4,3rd,no
3021,g3,4,3rd,no
3022,g3,4,3rd,no
3025,g3,7,1st,no
3026,g3,1,3rd,no
3028,g3,4,3rd,no
3029,g3,6,1st,no
3031,g3,3,4th,no
3032,g3,5,3rd,no
3035,g3,5,2nd,no
3037,g3,4,3rd,no
3038,g3,3,3rd,no
3041,g3,5,2nd,no
3044,g3,7,1st,no
3046,g3,4,3rd,no
3048,g3,5,3rd,no
3049,g3,4,2nd,no
3051,g3,5,2nd,no
3052,g3,4,3rd,no
3055,g3,5,2nd,no
3057,g3,6,1st,no
3058,g3,5,2nd,no
3061,g3,6,1st,no
3064,g3,6,2nd,no
3067,g3,7,1st,no
3068,g3,2,4th,no
3071,g3,5,2nd,no
3074,g3,5,2nd,no
3078,g3,6,1st,no
3081,g3,23,3rd,no
3082,g3,25,3rd,no
3084,g3,42,1st,no
3085,g3,27,2nd,no
3086,g3,24,3rd,no
3088,g3,50,1st,no
3089,g3,33,2nd,no
3091,g3,30,2nd,no
3092,g3,27,2nd,no
3095,g3,43,1st,no
3096,g3,26,2nd,no
3098,g3,35,2nd,no
3099,g3,44,1st,no
3101,g3,21,3rd,no
3102,g3,31,1st,no
3105,g3,37,1st,no
3107,g3,36,1st,no
3108,g3,46,1st,no
3111,g3,34,2nd,no
3114,g3,35,1st,no
3116,g3,30,2nd,no
3118,g3,41,1st,no
3119,g3,31,2nd,no
3121,g3,33,1st,no
3122,g3,30,1st,no
3125,g3,47,1st,no
3127,g3,37,1st,no
3128,g3,29,1st,no
3131,g3,32,1st,no
3134,g3,33,1st,no
3137,g3,30,1st,no
3138,g3,51,1st,no
3141,g3,56,1st,no
3144,g3,27,1st,no
3148,g3,44,1st,no
3151,g3,31,2nd,no
3152,g3,19,3rd,no
3154,g3,39,1st,no
3155,g3,30,1st,no
3156,g3,27,1st,no
3158,g3,25,3rd,no
3159,g3,25,2nd,no
3161,g3,24,2nd,no
3162,g3,17,4th,no
3165,g3,29,1st,no
3166,g3,32,2nd,no
3168,g3,29,1st,no
3169,g3,46,1st,no
3171,g3,29,1st,no
3172,g3,30,2nd,no
3175,g3,29,1st,no
3177,g3,23,2nd,no
3178,g3,41,1st,no
3181,g3,46,1st,no
3184,g3,16,3rd,no
3186,g3,30,1st,no
3188,g3,36,1st,no
3189,g3,21,3rd,no
3191,g3,29,1st,no
3192,g3,28,2nd,no
3195,g3,24,2nd,no
3197,g3,27,1st,no
3198,g3,21,4th,no
3201,g3,29,2nd,no
3204,g3,24,3rd,no
3207,g3,26,2nd,no
3208,g3,24,3rd,no
3211,g3,24,3rd,no
3214,g3,17,4th,no
3218,g3,37,1st,no
3221,g3,183,2nd,no
3222,g3,216,1st,no
3224,g3,241,1st,no
3225,g3,192,1st,no
3226,g3,312,1st,no
3228,g3,280,1st,no
3229,g3,228,1st,no
3231,g3,285,1st,no
3232,g3,298,1st,no
3235,g3,214,1st,no
3236,g3,152,1st,no
3238,g3,117,3rd,no
3239,g3,219,1st,no
3241,g3,85,4th,no
3242,g3,123,3rd,no
3245,g3,192,1st,no
3247,g3,201,1st,no
3248,g3,378,1st,no
3251,g3,239,1st,no
3254,g3,301,1st,no
3256,g3,167,1st,no
3258,g3,195,1st,no
3259,g3,163,2nd,no
3261,g3,106,3rd,no
3262,g3,153,1st,no
3265,g3,185,1st,no
3267,g3,233,1st,no
3268,g3,246,1st,no
3271,g3,224,1st,no
3274,g3,254,1st,no
3277,g3,156,1st,no
3278,g3,102,4th,no
3281,g3,201,1st,no
3284,g3,104,4th,no
3288,g3,282,1st,no
3291,g3,88,4th,no
3292,g3,120,3rd,no
3294,g3,192,1st,no
3295,g3,266,1st,no
3296,g3,145,1st,no
3298,g3,126,2nd,no
3299,g3,164,1st,no
3301,g3,98,4th,no
3302,g3,98,4th,no
3305,g3,212,1st,no
3306,g3,105,3rd,no
3308,g3,141,2nd,no
3309,g3,148,1st,no
3311,g3,93,3rd,no
3312,g3,123,2nd,no
3315,g3,161,1st,no
3317,g3,97,4th,no
3318,g3,127,2nd,no
3321,g3,121,3rd,no
3324,g3,99,4th,no
3326,g3,111,3rd,no
3328,g3,118,3rd,no
3329,g3,153,2nd,no
3331,g3,79,4th,no
3332,g3,99,4th,no
3335,g3,151,2nd,no
3337,g3,102,4th,no
3338,g3,154,1st,no
3341,g3,143,2nd,no
3344,g3,79,4th,no
3347,g3,102,4th,no
3348,g3,146,2nd,no
3351,g3,137,2nd,no
3354,g3,101,4th,no
3358,g3,125,2nd,no
4201,g3,5,2nd,no
4202,g3,5,2nd,no
4204,g3,7,1st,no
4205,g3,7,1st,no
4206,g3,6,1st,no
4208,g3,6,1st,no
4209,g3,9,1st,no
4211,g3,8,1st,no
4212,g3,4,3rd,no
4215,g3,8,1st,no
4216,g3,8,1st,no
4218,g3,5,2nd,no
4219,g3,5,2nd,no
4221,g3,5,2nd,no
4222,g3,6,2nd,no
4225,g3,5,2nd,no
4227,g3,5,2nd,no
4228,g3,5,2nd,no
4231,g3,6,1st,no
4234,g3,6,1st,no
4236,g3,7,1st,no
4238,g3,7,1st,no
4239,g3,4,3rd,no
4241,g3,5,1st,no
4242,g3,6,1st,no
4245,g3,8,1st,no
4247,g3,3,3rd,no
4248,g3,8,1st,no
4251,g3,7,2nd,no
4254,g3,4,2nd,no
4257,g3,5,1st,no
4258,g3,7,1st,no
4261,g3,4,3rd,no
4264,g3,5,2nd,no
4268,g3,7,1st,no
4271,g3,6,2nd,no
4272,g3,4,3rd,no
4274,g3,4,2nd,no
4275,g3,5,2nd,no
4276,g3,6,2nd,no
4278,g3,6,2nd,no
4279,g3,6,1st,no
4281,g3,7,1st,no
4282,g3,3,4th,no
4285,g3,4,2nd,no
4286,g3,2,3rd,no
4288,g3,4,3rd,no
4289,g3,3,3rd,no
4291,g3,6,2nd,no
4292,g3,4,3rd,no
4295,g3,5,2nd,no
4297,g3,6,2nd,no
4298,g3,5,3rd,no
4301,g3,3,3rd,no
4304,g3,3,3rd,no
4306,g3,4,3rd,no
4308,g3,4,4th,no
4309,g3,2,4th,no
4311,g3,3,4th,no
4312,g3,5,2nd,no
4315,g3,5,2nd,no
4317,g3,2,4th,no
4318,g3,3,4th,no
4321,g3,7,1st,no
4324,g3,4,3rd,no
4327,g3,3,3rd,no
4328,g3,3,4th,no
4331,g3,6,2nd,no
4334,g3,4,3rd,no
4338,g3,4,3rd,no
4341,g3,26,2nd,no
4342,g3,27,2nd,no
4344,g3,49,1st,no
4345,g3,36,1st,no
4346,g3,24,3rd,no
4348,g3,58,1st,no
4349,g3,39,2nd,no
4351,g3,39,1st,no
4352,g3,20,4th,no
4355,g3,41,1st,no
4356,g3,18,4th,no
4358,g3,41,1st,no
4359,g3,34,1st,no
4361,g3,29,2nd,no
4362,g3,29,1st,no
4365,g3,36,1st,no
4367,g3,52,1st,no
4368,g3,28,2nd,no
4371,g3,54,1st,no
4374,g3,24,2nd,no
4376,g3,40,1st,no
4378,g3,52,1st,no
4379,g3,26,3rd,no
4381,g3,33,1st,no
4382,g3,23,3rd,no
4385,g3,35,1st,no
4387,g3,48,1st,no
4388,g3,31,1st,no
4391,g3,42,1st,no
4394,g3,45,1st,no
4397,g3,36,1st,no
4398,g3,17,4th,no
4401,g3,37,1st,no
4404,g3,37,2nd,no
4408,g3,26,3rd,no
4411,g3,24,3rd,no
4412,g3,21,2nd,no
4414,g3,32,2nd,no
4415,g3,38,1st,no
4416,g3,24,2nd,no
4418,g3,29,2nd,no
4419,g3,21,3rd,no
4421,g3,20,4th,no
4422,g3,25,2nd,no
4425,g3,26,3rd,no
4426,g3,23,3rd,no
4428,g3,23,3rd,no
4429,g3,36,1st,no
4431,g3,23,3rd,no
4432,g3,31,1st,no
4435,g3,28,1st,no
4437,g3,19,4th,no
4438,g3,28,1st,no
4441,g3,27,2nd,no
4444,g3,20,4th,no
4446,g3,22,4th,no
4448,g3,25,2nd,no
4449,g3,18,3rd,no
4451,g3,22,4th,no
4452,g3,21,4th,no
4455,g3,22,3rd,no
4457,g3,23,3rd,no
4458,g3,18,4th,no
4461,g3,33,1st,no
4464,g3,30,1st,no
4467,g3,27,1st,no
4468,g3,21,3rd,no
4471,g3,22,2nd,no
4474,g3,17,4th,no
4478,g3,24,3rd,no
4481,g3,128,3rd,no
4482,g3,212,1st,no
4484,g3,238,1st,no
4485,g3,184,1st,no
4486,g3,296,1st,no
4488,g3,260,1st,no
4489,g3,336,1st,no
4491,g3,225,1st,no
4492,g3,182,1st,no
4495,g3,246,1st,no
4496,g3,91,4th,no
4498,g3,190,1st,no
4499,g3,264,1st,no
4501,g3,101,4th,no
4502,g3,189,1st,no
4505,g3,231,1st,no
4507,g3,224,1st,no
4508,g3,315,1st,no
4511,g3,175,2nd,no
4514,g3,262,1st,no
4516,g3,102,4th,no
4518,g3,221,1st,no
4519,g3,170,2nd,no
4521,g3,174,1st,no
4522,g3,143,1st,no
4525,g3,199,1st,no
4527,g3,234,1st,no
4528,g3,198,1st,no
4531,g3,200,1st,no
4534,g3,219,1st,no
4537,g3,101,4th,no
4538,g3,95,4th,no
4541,g3,133,2nd,no
4544,g3,99,3rd,no
4548,g3,243,1st,no
4551,g3,239,1st,no
4552,g3,90,4th,no
4554,g3,120,2nd,no
4555,g3,199,1st,no
4556,g3,90,4th,no
4558,g3,123,3rd,no
4559,g3,123,2nd,no
4561,g3,92,4th,no
4562,g3,147,1st,no
4565,g3,147,2nd,no
4566,g3,148,2nd,no
4568,g3,133,2nd,no
4569,g3,145,1st,no
4571,g3,105,4th,no
4572,g3,144,1st,no
4575,g3,126,2nd,no
4577,g3,111,3rd,no
4578,g3,107,3rd,no
4581,g3,102,4th,no
4584,g3,98,4th,no
4586,g3,99,4th,no
4588,g3,130,2nd,no
4589,g3,162,1st,no
4591,g3,103,4th,no
4592,g3,108,4th,no
4595,g3,121,2nd,no
4597,g3,123,3rd,no
4598,g3,129,3rd,no
4601,g3,156,1st,no
4604,g3,112,4th,no
4607,g3,100,3rd,no
4608,g3,163,1st,no
4611,g3,146,2nd,no
4614,g3,166,2nd,no
4618,g3,129,2nd,no
5461,g3,5,2nd,no
5462,g3,6,2nd,no
5464,g3,6,2nd,no
5465,g3,11,1st,no
5466,g3,6,2nd,no
5468,g3,4,4th,no
5469,g3,7,1st,no
5471,g3,6,2nd,no
5472,g3,5,1st,no
5475,g3,5,2nd,no
5476,g3,6,2nd,no
5478,g3,7,2nd,no
5479,g3,9,1st,no
5481,g3,5,2nd,no
5482,g3,6,2nd,no
5485,g3,8,1st,no
5487,g3,4,4th,no
5488,g3,4,3rd,no
5491,g3,3,4th,no
5494,g3,4,2nd,no
5496,g3,5,2nd,no
5498,g3,9,1st,no
5499,g3,5,3rd,no
5501,g3,8,1st,no
5502,g3,5,2nd,no
5505,g3,5,1st,no
5507,g3,4,3rd,no
5508,g3,6,2nd,no
5511,g3,7,1st,no
5514,g3,2,4th,no
5517,g3,4,3rd,no
5518,g3,5,2nd,no
5521,g3,5,3rd,no
5524,g3,5,2nd,no
5528,g3,4,4th,no
5531,g3,4,3rd,no
5532,g3,5,2nd,no
5534,g3,5,2nd,no
5535,g3,6,2nd,no
5536,g3,6,1st,no
5538,g3,5,2nd,no
5539,g3,7,2nd,no
5541,g3,4,3rd,no
5542,g3,4,3rd,no
5545,g3,4,3rd,no
5546,g3,4,3rd,no
5548,g3,3,3rd,no
5549,g3,5,2nd,no
5551,g3,5,3rd,no
5552,g3,6,1st,no
5555,g3,5,2nd,no
5557,g3,2,4th,no
5558,g3,3,3rd,no
5561,g3,4,3rd,no
5564,g3,4,3rd,no
5566,g3,5,2nd,no
5568,g3,8,1st,no
5569,g3,9,1st,no
5571,g3,3,4th,no
5572,g3,5,2nd,no
5575,g3,5,2nd,no
5577,g3,7,1st,no
5578,g3,5,2nd,no
5581,g3,4,3rd,no
5584,g3,4,3rd,no
5587,g3,4,3rd,no
5588,g3,2,4th,no
5591,g3,5,2nd,no
5594,g3,3,4th,no
5598,g3,6,1st,no
5601,g3,24,2nd,no
5602,g3,21,3rd,no
5604,g3,31,2nd,no
5605,g3,35,1st,no
5606,g3,35,1st,no
5608,g3,44,1st,no
5609,g3,25,3rd,no
5611,g3,27,2nd,no
5612,g3,23,2nd,no
5615,g3,24,3rd,no
5616,g3,20,3rd,no
5618,g3,31,2nd,no
5619,g3,41,1st,no
5621,g3,32,1st,no
5622,g3,18,4th,no
5625,g3,41,1st,no
5627,g3,47,1st,no
5628,g3,24,3rd,no
5631,g3,71,1st,no
5634,g3,40,1st,no
5636,g3,21,3rd,no
5638,g3,41,1st,no
5639,g3,38,1st,no
5641,g3,33,1st,no
5642,g3,25,2nd,no
5645,g3,44,1st,no
5647,g3,36,1st,no
5648,g3,25,3rd,no
5651,g3,28,2nd,no
5654,g3,39,1st,no
5657,g3,35,2nd,no
5658,g3,16,4th,no
5661,g3,34,1st,no
5664,g3,41,1st,no
5668,g3,29,2nd,no
5671,g3,19,3rd,no
5672,g3,17,3rd,no
5674,g3,38,1st,no
5675,g3,38,1st,no
5676,g3,27,2nd,no
5678,g3,37,1st,no
5679,g3,24,3rd,no
5681,g3,25,2nd,no
5682,g3,19,3rd,no
5685,g3,34,1st,no
5686,g3,20,4th,no
5688,g3,37,1st,no
5689,g3,41,1st,no
5691,g3,25,2nd,no
5692,g3,40,1st,no
5695,g3,48,1st,no
5697,g3,17,4th,no
5698,g3,16,4th,no
5701,g3,31,1st,no
5704,g3,20,3rd,no
5706,g3,27,2nd,no
5708,g3,25,3rd,no
5709,g3,26,2nd,no
5711,g3,22,3rd,no
5712,g3,21,4th,no
5715,g3,30,2nd,no
5717,g3,31,1st,no
5718,g3,26,2nd,no
5721,g3,19,3rd,no
5724,g3,25,2nd,no
5727,g3,29,2nd,no
5728,g3,26,2nd,no
5731,g3,31,2nd,no
5734,g3,18,4th,no
5738,g3,28,2nd,no
5741,g3,157,2nd,no
5742,g3,100,3rd,no
5744,g3,239,1st,no
5745,g3,244,1st,no
5746,g3,276,1st,no
5748,g3,246,1st,no
5749,g3,155,2nd,no
5751,g3,283,1st,no
5752,g3,302,1st,no
5755,g3,189,1st,no
5756,g3,95,4th,no
5758,g3,131,3rd,no
5759,g3,238,1st,no
5761,g3,180,1st,no
5762,g3,123,3rd,no
5765,g3,174,1st,no
5767,g3,248,1st,no
5768,g3,157,2nd,no
5771,g3,256,1st,no
5774,g3,370,1st,no
5776,g3,208,1st,no
5778,g3,170,2nd,no
5779,g3,192,1st,no
5781,g3,122,2nd,no
5782,g3,118,3rd,no
5785,g3,173,1st,no
5787,g3,190,1st,no
5788,g3,251,1st,no
5791,g3,224,1st,no
5794,g3,201,1st,no
5797,g3,187,1st,no
5798,g3,126,2nd,no
5801,g3,152,1st,no
5804,g3,164,1st,no
5808,g3,200,1st,no
5811,g3,151,2nd,no
5812,g3,76,4th,no
5814,g3,161,2nd,no
5815,g3,192,1st,no
5816,g3,90,4th,no
5818,g3,164,3rd,no
5819,g3,131,2nd,no
5821,g3,99,4th,no
5822,g3,158,1st,no
5825,g3,192,1st,no
5826,g3,143,2nd,no
5828,g3,138,3rd,no
5829,g3,188,1st,no
5831,g3,97,4th,no
5832,g3,125,3rd,no
5835,g3,137,2nd,no
5837,g3,120,3rd,no
5838,g3,105,3rd,no
5841,g3,126,3rd,no
5844,g3,180,1st,no
5846,g3,147,2nd,no
5848,g3,113,3rd,no
5849,g3,111,3rd,no
5851,g3,109,2nd,no
5852,g3,138,1st,no
5855,g3,135,2nd,no
5857,g3,164,1st,no
5858,g3,100,4th,no
5861,g3,123,3rd,no
5864,g3,92,4th,no
5867,g3,98,4th,no
5868,g3,111,3rd,no
5871,g3,120,3rd,no
5874,g3,95,4th,no
5878,g3,121,3rd,no
6721,g3,9,1st,no
6722,g3,6,1st,no
6724,g3,9,1st,no
6725,g3,3,3rd,no
6726,g3,5,2nd,no
6728,g3,8,1st,no
6729,g3,6,1st,no
6731,g3,7,1st,no
6732,g3,5,2nd,no
6735,g3,5,2nd,no
6736,g3,7,1st,no
6738,g3,5,2nd,no
6739,g3,6,2nd,no
6741,g3,7,1st,no
6742,g3,7,1st,no
6745,g3,3,4th,no
6747,g3,6,2nd,no
6748,g3,7,1st,no
6751,g3,6,2nd,no
6754,g3,7,1st,no
6756,g3,6,2nd,no
6758,g3,6,1st,no
6759,g3,8,1st,no
6761,g3,5,1st,no
6762,g3,5,2nd,no
6765,g3,4,3rd,no
6767,g3,8,1st,no
6768,g3,5,2nd,no
6771,g3,9,1st,no
6774,g3,3,4th,no
6777,g3,4,3rd,no
6778,g3,7,1st,no
6781,g3,8,1st,no
6784,g3,5,3rd,no
6788,g3,7,1st,no
6791,g3,6,2nd,no
6792,g3,10,1st,no
6794,g3,4,3rd,no
6795,g3,6,1st,no
6796,g3,4,3rd,no
6798,g3,5,2nd,no
6799,g3,5,2nd,no
6801,g3,7,1st,no
6802,g3,4,2nd,no
6805,g3,5,2nd,no
6806,g3,3,3rd,no
6808,g3,3,4th,no
6809,g3,4,3rd,no
6811,g3,5,2nd,no
6812,g3,3,4th,no
6815,g3,7,1st,no
6817,g3,3,4th,no
6818,g3,5,2nd,no
6821,g3,5,3rd,no
6824,g3,6,2nd,no
6826,g3,4,3rd,no
6828,g3,5,2nd,no
6829,g3,5,2nd,no
6831,g3,5,1st,no
6832,g3,4,3rd,no
6835,g3,5,3rd,no
6837,g3,4,3rd,no
6838,g3,3,3rd,no
6841,g3,5,2nd,no
6844,g3,3,3rd,no
6847,g3,7,2nd,no
6848,g3,5,2nd,no
6851,g3,5,3rd,no
6854,g3,6,2nd,no
6858,g3,5,2nd,no
6861,g3,19,3rd,no
6862,g3,15,4th,no
6864,g3,48,1st,no
6865,g3,48,1st,no
6866,g3,50,1st,no
6868,g3,31,2nd,no
6869,g3,24,3rd,no
6871,g3,54,1st,no
6872,g3,17,4th,no
6875,g3,31,2nd,no
6876,g3,25,2nd,no
6878,g3,45,1st,no
6879,g3,48,1st,no
6881,g3,19,4th,no
6882,g3,31,1st,no
6885,g3,52,1st,no
6887,g3,44,1st,no
6888,g3,36,1st,no
6891,g3,71,1st,no
6894,g3,30,2nd,no
6896,g3,22,3rd,no
6898,g3,36,1st,no
6899,g3,41,1st,no
6901,g3,33,1st,no
6902,g3,19,4th,no
6905,g3,51,1st,no
6907,g3,31,2nd,no
6908,g3,20,4th,no
6911,g3,46,1st,no
6914,g3,14,4th,no
6917,g3,41,1st,no
6918,g3,46,1st,no
6921,g3,43,1st,no
6924,g3,21,4th,no
6928,g3,60,1st,no
6931,g3,19,3rd,no
6932,g3,17,4th,no
6934,g3,27,2nd,no
6935,g3,31,2nd,no
6936,g3,26,3rd,no
6938,g3,30,2nd,no
6939,g3,23,2nd,no
6941,g3,17,4th,no
6942,g3,16,4th,no
6945,g3,21,3rd,no
6946,g3,22,3rd,no
6948,g3,31,1st,no
6949,g3,41,1st,no
6951,g3,19,4th,no
6952,g3,35,1st,no
6955,g3,48,1st,no
6957,g3,28,1st,no
6958,g3,23,2nd,no
6961,g3,27,2nd,no
6964,g3,18,4th,no
6966,g3,14,4th,no
6968,g3,24,3rd,no
6969,g3,21,3rd,no
6971,g3,18,3rd,no
6972,g3,15,4th,no
6975,g3,24,2nd,no
6977,g3,20,4th,no
6978,g3,23,3rd,no
6981,g3,32,1st,no
6984,g3,22,4th,no
6987,g3,18,4th,no
6988,g3,24,2nd,no
6991,g3,36,1st,no
6994,g3,27,2nd,no
6998,g3,29,2nd,no
7001,g3,130,3rd,no
7002,g3,121,3rd,no
7004,g3,236,1st,no
7005,g3,250,1st,no
7006,g3,327,1st,no
7008,g3,259,1st,no
7009,g3,246,1st,no
7011,g3,111,3rd,no
7012,g3,264,1st,no
7015,g3,173,1st,no
7016,g3,189,1st,no
7018,g3,158,1st,no
7019,g3,235,1st,no
7021,g3,125,2nd,no
7022,g3,134,2nd,no
7025,g3,212,1st,no
7027,g3,209,1st,no
7028,g3,258,1st,no
7031,g3,184,2nd,no
7034,g3,335,1st,no
7036,g3,194,1st,no
7038,g3,148,2nd,no
7039,g3,185,1st,no
7041,g3,99,4th,no
7042,g3,121,2nd,no
7045,g3,212,1st,no
7047,g3,278,1st,no
7048,g3,216,1st,no
7051,g3,207,1st,no
7054,g3,187,2nd,no
7057,g3,78,4th,no
7058,g3,99,4th,no
7061,g3,163,1st,no
7064,g3,148,2nd,no
7068,g3,242,1st,no
7071,g3,160,1st,no
7072,g3,118,3rd,no
7074,g3,151,2nd,no
7075,g3,186,1st,no
7076,g3,92,4th,no
7078,g3,151,2nd,no
7079,g3,151,1st,no
7081,g3,97,3rd,no
7082,g3,144,1st,no
7085,g3,157,1st,no
7086,g3,121,2nd,no
7088,g3,139,2nd,no
7089,g3,161,1st,no
7091,g3,98,4th,no
7092,g3,158,1st,no
7095,g3,131,2nd,no
7097,g3,132,2nd,no
7098,g3,120,3rd,no
7101,g3,110,3rd,no
7104,g3,150,1st,no
7106,g3,83,4th,no
7108,g3,151,2nd,no
7109,g3,159,2nd,no
7111,g3,99,4th,no
7112,g3,143,1st,no
7115,g3,125,2nd,no
7117,g3,91,4th,no
7118,g3,105,4th,no
7121,g3,120,3rd,no
7124,g3,144,2nd,no
7127,g3,145,2nd,no
7128,g3,173,1st,no
7131,g3,137,2nd,no
7134,g3,105,3rd,no
7138,g3,217,1st,no
7981,g3,8,1st,no
7982,g3,6,2nd,no
7984,g3,5,3rd,no
7985,g3,6,1st,no
7986,g3,3,3rd,no
7988,g3,4,3rd,no
7989,g3,5,3rd,no
7991,g3,4,3rd,no
7992,g3,5,2nd,no
7995,g3,6,1st,no
7996,g3,5,3rd,no
7998,g3,7,1st,no
7999,g3,6,2nd,no
8001,g3,5,2nd,no
8002,g3,5,2nd,no
8005,g3,6,2nd,no
8007,g3,6,2nd,no
8008,g3,5,2nd,no
8011,g3,5,2nd,no
8014,g3,5,2nd,no
8016,g3,5,2nd,no
8018,g3,6,1st,no
8019,g3,6,2nd,no
8021,g3,10,1st,no
8022,g3,6,2nd,no
8025,g3,8,1st,no
8027,g3,4,3rd,no
8028,g3,6,2nd,no
8031,g3,7,1st,no
8034,g3,5,2nd,no
8037,g3,5,2nd,no
8038,g3,8,1st,no
8041,g3,4,4th,no
8044,g3,5,2nd,no
8048,g3,5,2nd,no
8051,g3,8,2nd,no
8052,g3,6,1st,no
8054,g3,5,2nd,no
8055,g3,7,2nd,no
8056,g3,7,1st,no
8058,g3,5,2nd,no
8059,g3,5,2nd,no
8061,g3,5,2nd,no
8062,g3,3,4th,no
8065,g3,6,2nd,no
8066,g3,3,3rd,no
8068,g3,5,2nd,no
8069,g3,7,1st,no
8071,g3,3,4th,no
8072,g3,7,1st,no
8075,g3,7,1st,no
8077,g3,3,3rd,no
8078,g3,5,2nd,no
8081,g3,4,3rd,no
8084,g3,4,3rd,no
8086,g3,5,2nd,no
8088,g3,5,2nd,no
8089,g3,6,2nd,no
8091,g3,5,2nd,no
8092,g3,4,3rd,no
8095,g3,5,2nd,no
8097,g3,3,4th,no
8098,g3,4,3rd,no
8101,g3,4,3rd,no
8104,g3,5,2nd,no
8107,g3,6,1st,no
8108,g3,3,3rd,no
8111,g3,4,3rd,no
8114,g3,4,4th,no
8118,g3,5,1st,no
8121,g3,31,1st,no
8122,g3,48,1st,no
8124,g3,51,1st,no
8125,g3,44,1st,no
8126,g3,43,1st,no
8128,g3,40,1st,no
8129,g3,42,1st,no
8131,g3,47,1st,no
8132,g3,23,3rd,no
8135,g3,42,1st,no
8136,g3,29,1st,no
8138,g3,43,1st,no
8139,g3,54,1st,no
8141,g3,34,1st,no
8142,g3,49,1st,no
8145,g3,42,1st,no
8147,g3,48,1st,no
8148,g3,30,1st,no
8151,g3,36,1st,no
8154,g3,20,4th,no
8156,g3,30,2nd,no
8158,g3,44,1st,no
8159,g3,34,1st,no
8161,g3,30,1st,no
8162,g3,19,4th,no
8165,g3,41,1st,no
8167,g3,44,1st,no
8168,g3,23,3rd,no
8171,g3,43,1st,no
8174,g3,22,4th,no
8177,g3,28,1st,no
8178,g3,26,2nd,no
8181,g3,51,1st,no
8184,g3,50,1st,no
8188,g3,31,1st,no
8191,g3,24,2nd,no
8192,g3,18,4th,no
8194,g3,35,1st,no
8195,g3,60,1st,no
8196,g3,28,2nd,no
8198,g3,17,3rd,no
8199,g3,23,3rd,no
8201,g3,14,4th,no
8202,g3,24,2nd,no
8205,g3,23,2nd,no
8206,g3,26,2nd,no
8208,g3,32,1st,no
8209,g3,37,1st,no
8211,g3,24,2nd,no
8212,g3,26,2nd,no
8215,g3,29,1st,no
8217,g3,15,4th,no
8218,g3,29,2nd,no
8221,g3,35,1st,no
8224,g3,29,2nd,no
8226,g3,23,3rd,no
8228,g3,25,3rd,no
8229,g3,26,2nd,no
8231,g3,27,2nd,no
8232,g3,11,4th,no
8235,g3,28,2nd,no
8237,g3,24,3rd,no
8238,g3,19,4th,no
8241,g3,23,2nd,no
8244,g3,19,4th,no
8247,g3,29,1st,no
8248,g3,18,4th,no
8251,g3,25,2nd,no
8254,g3,22,3rd,no
8258,g3,17,4th,no
8261,g3,110,3rd,no
8262,g3,182,1st,no
8264,g3,208,1st,no
8265,g3,251,1st,no
8266,g3,271,1st,no
8268,g3,287,1st,no
8269,g3,308,1st,no
8271,g3,284,1st,no
8272,g3,299,1st,no
8275,g3,278,1st,no
8276,g3,115,2nd,no
8278,g3,168,1st,no
8279,g3,183,1st,no
8281,g3,132,2nd,no
8282,g3,143,1st,no
8285,g3,268,1st,no
8287,g3,150,2nd,no
8288,g3,115,3rd,no
8291,g3,209,2nd,no
8294,g3,232,1st,no
8296,g3,140,2nd,no
8298,g3,178,1st,no
8299,g3,161,2nd,no
8301,g3,120,3rd,no
8302,g3,84,4th,no
8305,g3,207,1st,no
8307,g3,185,1st,no
8308,g3,263,1st,no
8311,g3,242,1st,no
8314,g3,181,1st,no
8317,g3,73,4th,no
8318,g3,92,4th,no
8321,g3,201,1st,no
8324,g3,183,1st,no
8328,g3,225,1st,no
8331,g3,141,2nd,no
8332,g3,108,3rd,no
8334,g3,144,2nd,no
8335,g3,260,1st,no
8336,g3,131,3rd,no
8338,g3,121,3rd,no
8339,g3,182,1st,no
8341,g3,186,2nd,no
8342,g3,77,4th,no
8345,g3,145,1st,no
8346,g3,135,2nd,no
8348,g3,197,1st,no
8349,g3,205,1st,no
8351,g3,121,2nd,no
8352,g3,169,1st,no
8355,g3,126,2nd,no
8357,g3,203,1st,no
8358,g3,112,3rd,no
8361,g3,161,2nd,no
8364,g3,140,2nd,no
8366,g3,136,2nd,no
8368,g3,134,2nd,no
8369,g3,137,3rd,no
8371,g3,86,4th,no
8372,g3,118,3rd,no
8375,g3,148,2nd,no
8377,g3,103,4th,no
8378,g3,132,1st,no
8381,g3,173,2nd,no
8384,g3,110,4th,no
8387,g3,127,2nd,no
8388,g3,110,4th,no
8391,g3,148,1st,no
8394,g3,99,4th,no
8398,g3,132,2nd,no
9241,g3,4,3rd,no
9242,g3,7,2nd,no
9244,g3,8,1st,no
9245,g3,9,1st,no
9246,g3,8,1st,no
9248,g3,6,1st,no
9249,g3,7,2nd,no
9251,g3,5,2nd,no
9252,g3,5,2nd,no
9255,g3,6,1st,no
9256,g3,2,4th,no
9258,g3,3,3rd,no
9259,g3,5,2nd,no
9261,g3,3,4th,no
9262,g3,9,1st,no
9265,g3,7,1st,no
9267,g3,7,1st,no
9268,g3,6,2nd,no
9271,g3,7,1st,no
9274,g3,6,2nd,no
9276,g3,4,3rd,no
9278,g3,5,3rd,no
9279,g3,9,1st,no
9281,g3,6,1st,no
9282,g3,5,3rd,no
9285,g3,9,1st,no
9287,g3,8,1st,no
9288,g3,7,1st,no
9291,g3,3,4th,no
9294,g3,8,1st,no
9297,g3,11,1st,no
9298,g3,5,2nd,no
9301,g3,6,1st,no
9304,g3,6,1st,no
9308,g3,3,3rd,no
9311,g3,7,2nd,no
9312,g3,4,3rd,no
9314,g3,4,2nd,no
9315,g3,5,2nd,no
9316,g3,5,2nd,no
9318,g3,4,4th,no
9319,g3,4,3rd,no
9321,g3,4,3rd,no
9322,g3,4,4th,no
9325,g3,3,3rd,no
9326,g3,5,2nd,no
9328,g3,3,4th,no
9329,g3,5,2nd,no
9331,g3,2,4th,no
9332,g3,3,4th,no
9335,g3,8,1st,no
9337,g3,4,3rd,no
9338,g3,3,3rd,no
9341,g3,3,3rd,no
9344,g3,3,3rd,no
9346,g3,4,3rd,no
9348,g3,7,2nd,no
9349,g3,5,1st,no
9351,g3,6,1st,no
9352,g3,5,2nd,no
9355,g3,5,2nd,no
9357,g3,5,1st,no
9358,g3,4,3rd,no
9361,g3,5,2nd,no
9364,g3,7,1st,no
9367,g3,5,2nd,no
9368,g3,6,2nd,no
9371,g3,4,2nd,no
9374,g3,6,1st,no
9378,g3,4,2nd,no
9381,g3,30,2nd,no
9382,g3,33,1st,no
9384,g3,37,2nd,no
9385,g3,36,1st,no
9386,g3,45,1st,no
9388,g3,45,1st,no
9389,g3,33,1st,no
9391,g3,56,1st,no
9392,g3,24,3rd,no
9395,g3,50,1st,no
9396,g3,25,2nd,no
9398,g3,37,1st,no
9399,g3,41,1st,no
9401,g3,30,2nd,no
9402,g3,25,3rd,no
9405,g3,46,1st,no
9407,g3,46,1st,no
9408,g3,22,3rd,no
9411,g3,71,1st,no
9414,g3,48,1st,no
9416,g3,23,4th,no
9418,g3,45,1st,no
9419,g3,27,3rd,no
9421,g3,38,1st,no
9422,g3,25,2nd,no
9425,g3,52,1st,no
9427,g3,30,2nd,no
9428,g3,20,4th,no
9431,g3,36,1st,no
9434,g3,27,1st,no
9437,g3,53,1st,no
9438,g3,22,4th,no
9441,g3,34,1st,no
9444,g3,32,2nd,no
9448,g3,28,1st,no
9451,g3,29,2nd,no
9452,g3,19,4th,no
9454,g3,28,2nd,no
9455,g3,37,1st,no
9456,g3,21,3rd,no
9458,g3,24,3rd,no
9459,g3,28,2nd,no
9461,g3,26,2nd,no
9462,g3,27,3rd,no
9465,g3,42,1st,no
9466,g3,24,3rd,no
9468,g3,30,2nd,no
9469,g3,32,1st,no
9471,g3,32,2nd,no
9472,g3,22,4th,no
9475,g3,28,2nd,no
9477,g3,23,3rd,no
9478,g3,34,1st,no
9481,g3,32,1st,no
9484,g3,26,2nd,no
9486,g3,22,3rd,no
9488,g3,30,2nd,no
9489,g3,34,1st,no
9491,g3,17,4th,no
9492,g3,27,2nd,no
9495,g3,28,2nd,no
9497,g3,22,3rd,no
9498,g3,26,2nd,no
9501,g3,28,2nd,no
9504,g3,17,4th,no
9507,g3,25,2nd,no
9508,g3,32,2nd,no
9511,g3,34,2nd,no
9514,g3,20,3rd,no
9518,g3,23,3rd,no
9521,g3,106,3rd,no
9522,g3,96,4th,no
9524,g3,117,3rd,no
9525,g3,248,1st,no
9526,g3,270,1st,no
9528,g3,171,2nd,no
9529,g3,130,3rd,no
9531,g3,166,2nd,no
9532,g3,291,1st,no
9535,g3,246,1st,no
9536,g3,158,1st,no
9538,g3,178,1st,no
9539,g3,208,1st,no
9541,g3,214,1st,no
9542,g3,100,3rd,no
9545,g3,267,1st,no
9547,g3,252,1st,no
9548,g3,213,1st,no
9551,g3,195,1st,no
9554,g3,228,1st,no
9556,g3,118,3rd,no
9558,g3,184,2nd,no
9559,g3,199,1st,no
9561,g3,162,1st,no
9562,g3,163,2nd,no
9565,g3,196,1st,no
9567,g3,162,2nd,no
9568,g3,219,1st,no
9571,g3,245,1st,no
9574,g3,236,1st,no
9577,g3,123,3rd,no
9578,g3,97,4th,no
9581,g3,161,1st,no
9584,g3,191,1st,no
9588,g3,169,2nd,no
9591,g3,103,4th,no
9592,g3,144,2nd,no
9594,g3,190,1st,no
9595,g3,177,1st,no
9596,g3,94,4th,no
9598,g3,126,3rd,no
9599,g3,124,2nd,no
9601,g3,97,4th,no
9602,g3,179,1st,no
9605,g3,161,1st,no
9606,g3,155,2nd,no
9608,g3,202,1st,no
9609,g3,166,1st,no
9611,g3,119,3rd,no
9612,g3,128,3rd,no
9615,g3,171,1st,no
9617,g3,125,2nd,no
9618,g3,102,3rd,no
9621,g3,159,2nd,no
9624,g3,123,2nd,no
9626,g3,138,2nd,no
9628,g3,125,3rd,no
9629,g3,126,3rd,no
9631,g3,132,2nd,no
9632,g3,97,4th,no
9635,g3,141,2nd,no
9637,g3,126,2nd,no
9638,g3,131,2nd,no
9641,g3,131,3rd,no
9644,g3,89,4th,no
9647,g3,107,4th,no
9648,g3,91,4th,no
9651,g3,153,2nd,no
9654,g3,98,4th,no
9658,g3,124,3rd,no
10501,g3,6,1st,no
10502,g3,10,1st,no
10504,g3,4,3rd,no
10505,g3,5,3rd,no
10506,g3,6,2nd,no
10508,g3,7,1st,no
10509,g3,4,3rd,no
10511,g3,5,2nd,no
10512,g3,6,2nd,no
10515,g3,7,1st,no
10516,g3,7,1st,no
10518,g3,5,2nd,no
10519,g3,5,2nd,no
10521,g3,8,1st,no
10522,g3,7,1st,no
10525,g3,7,1st,no
10527,g3,5,2nd,no
10528,g3,6,2nd,no
10531,g3,6,1st,no
10534,g3,4,3rd,no
10536,g3,5,3rd,no
10538,g3,6,2nd,no
10539,g3,7,1st,no
10541,g3,6,1st,no
10542,g3,9,1st,no
10545,g3,6,1st,no
10547,g3,6,1st,no
10548,g3,5,3rd,no
10551,g3,5,1st,no
10554,g3,4,3rd,no
10557,g3,7,1st,no
10558,g3,5,2nd,no
10561,g3,9,1st,no
10564,g3,6,1st,no
10568,g3,8,1st,no
10571,g3,2,4th,no
10572,g3,6,1st,no
10574,g3,5,2nd,no
10575,g3,7,1st,no
10576,g3,2,4th,no
10578,g3,3,3rd,no
10579,g3,6,1st,no
10581,g3,6,1st,no
10582,g3,4,3rd,no
10585,g3,7,1st,no
10586,g3,3,3rd,no
10588,g3,6,2nd,no
10589,g3,3,3rd,no
10591,g3,5,2nd,no
10592,g3,4,3rd,no
10595,g3,6,2nd,no
10597,g3,4,3rd,no
10598,g3,4,3rd,no
10601,g3,5,2nd,no
10604,g3,4,3rd,no
10606,g3,5,3rd,no
10608,g3,3,4th,no
10609,g3,5,3rd,no
10611,g3,5,2nd,no
10612,g3,6,1st,no
10615,g3,4,3rd,no
10617,g3,7,1st,no
10618,g3,4,3rd,no
10621,g3,7,1st,no
10624,g3,6,2nd,no
10627,g3,3,4th,no
10628,g3,3,4th,no
10631,g3,5,2nd,no
10634,g3,6,2nd,no
10638,g3,5,2nd,no
10641,g3,19,3rd,no
10642,g3,23,3rd,no
10644,g3,38,2nd,no
10645,g3,37,1st,no
10646,g3,50,1st,no
10648,g3,39,1st,no
10649,g3,25,3rd,no
10651,g3,29,3rd,no
10652,g3,38,1st,no
10655,g3,57,1st,no
10656,g3,29,1st,no
10658,g3,46,1st,no
10659,g3,61,1st,no
10661,g3,48,1st,no
10662,g3,34,1st,no
10665,g3,47,1st,no
10667,g3,36,1st,no
10668,g3,35,1st,no
10671,g3,25,2nd,no
10674,g3,21,3rd,no
10676,g3,29,1st,no
10678,g3,50,1st,no
10679,g3,28,3rd,no
10681,g3,29,1st,no
10682,g3,25,2nd,no
10685,g3,42,1st,no
10687,g3,19,4th,no
10688,g3,36,1st,no
10691,g3,35,1st,no
10694,g3,43,1st,no
10697,g3,15,4th,no
10698,g3,34,1st,no
10701,g3,38,1st,no
10704,g3,25,2nd,no
10708,g3,31,1st,no
10711,g3,19,3rd,no
10712,g3,17,4th,no
10714,g3,35,2nd,no
10715,g3,42,1st,no
10716,g3,26,2nd,no
10718,g3,22,3rd,no
10719,g3,20,3rd,no
10721,g3,18,4th,no
10722,g3,26,2nd,no
10725,g3,25,3rd,no
10726,g3,34,2nd,no
10728,g3,26,3rd,no
10729,g3,45,1st,no
10731,g3,19,3rd,no
10732,g3,37,1st,no
10735,g3,34,1st,no
10737,g3,23,3rd,no
10738,g3,35,1st,no
10741,g3,42,1st,no
10744,g3,29,1st,no
10746,g3,24,3rd,no
10748,g3,26,3rd,no
10749,g3,40,1st,no
10751,g3,23,3rd,no
10752,g3,20,4th,no
10755,g3,24,2nd,no
10757,g3,24,3rd,no
10758,g3,38,1st,no
10761,g3,27,2nd,no
10764,g3,27,1st,no
10767,g3,29,1st,no
10768,g3,28,2nd,no
10771,g3,27,2nd,no
10774,g3,34,1st,no
10778,g3,21,4th,no
10781,g3,163,1st,no
10782,g3,91,4th,no
10784,g3,242,1st,no
10785,g3,249,1st,no
10786,g3,255,1st,no
10788,g3,233,1st,no
10789,g3,298,1st,no
10791,g3,288,1st,no
10792,g3,255,1st,no
10795,g3,208,1st,no
10796,g3,98,4th,no
10798,g3,182,1st,no
10799,g3,208,1st,no
10801,g3,123,2nd,no
10802,g3,113,3rd,no
10805,g3,161,1st,no
10807,g3,208,1st,no
10808,g3,286,1st,no
10811,g3,124,3rd,no
10814,g3,221,1st,no
10816,g3,146,2nd,no
10818,g3,212,1st,no
10819,g3,202,1st,no
10821,g3,173,1st,no
10822,g3,133,2nd,no
10825,g3,207,1st,no
10827,g3,254,1st,no
10828,g3,278,1st,no
10831,g3,115,3rd,no
10834,g3,195,1st,no
10837,g3,87,4th,no
10838,g3,108,4th,no
10841,g3,180,1st,no
10844,g3,173,1st,no
10848,g3,297,1st,no
10851,g3,178,1st,no
10852,g3,138,2nd,no
10854,g3,151,2nd,no
10855,g3,148,1st,no
10856,g3,89,4th,no
10858,g3,217,1st,no
10859,g3,123,3rd,no
10861,g3,91,4th,no
10862,g3,135,2nd,no
10865,g3,127,2nd,no
10866,g3,180,1st,no
10868,g3,111,2nd,no
10869,g3,181,1st,no
10871,g3,93,3rd,no
10872,g3,176,1st,no
10875,g3,164,1st,no
10877,g3,156,2nd,no
10878,g3,82,4th,no
10881,g3,140,2nd,no
10884,g3,105,4th,no
10886,g3,117,3rd,no
10888,g3,145,2nd,no
10889,g3,140,2nd,no
10891,g3,91,4th,no
10892,g3,151,1st,no
10895,g3,177,1st,no
10897,g3,90,3rd,no
10898,g3,99,4th,no
10901,g3,126,3rd,no
10904,g3,117,3rd,no
10907,g3,106,3rd,no
10908,g3,140,1st,no
10911,g3,134,2nd,no
10914,g3,112,3rd,no
10918,g3,153,1st,no
11761,g3,9,1st,no
11762,g3,4,2nd,no
11764,g3,5,2nd,no
11765,g3,6,1st,no
11766,g3,5,3rd,no
11768,g3,7,1st,no
11769,g3,6,1st,no
11771,g3,6,1st,no
11772,g3,5,2nd,no
11775,g3,6,1st,no
11776,g3,5,1st,no
11778,g3,6,1st,no
11779,g3,7,1st,no
11781,g3,7,1st,no
11782,g3,6,2nd,no
11785,g3,5,3rd,no
11787,g3,4,3rd,no
11788,g3,4,3rd,no
11791,g3,4,3rd,no
11794,g3,7,1st,no
11796,g3,3,3rd,no
11798,g3,6,2nd,no
11799,g3,3,3rd,no
11801,g3,7,1st,no
11802,g3,3,4th,no
11805,g3,5,2nd,no
11807,g3,10,1st,no
11808,g3,4,3rd,no
11811,g3,6,1st,no
11814,g3,7,1st,no
11817,g3,8,1st,no
11818,g3,4,2nd,no
11821,g3,6,2nd,no
11824,g3,7,1st,no
11828,g3,6,1st,no
11831,g3,4,3rd,no
11832,g3,4,2nd,no
11834,g3,7,1st,no
11835,g3,8,1st,no
11836,g3,6,1st,no
11838,g3,5,2nd,no
11839,g3,5,2nd,no
11841,g3,6,1st,no
11842,g3,5,2nd,no
11845,g3,3,4th,no
11846,g3,4,2nd,no
11848,g3,4,3rd,no
11849,g3,8,2nd,no
11851,g3,8,1st,no
11852,g3,3,4th,no
11855,g3,3,4th,no
11857,g3,5,2nd,no
11858,g3,5,2nd,no
11861,g3,4,3rd,no
11864,g3,6,2nd,no
11866,g3,4,4th,no
11868,g3,7,2nd,no
11869,g3,5,2nd,no
11871,g3,4,3rd,no
11872,g3,5,2nd,no
11875,g3,6,2nd,no
11877,g3,8,1st,no
11878,g3,4,3rd,no
11881,g3,5,2nd,no
11884,g3,5,2nd,no
11887,g3,6,2nd,no
11888,g3,2,4th,no
11891,g3,4,3rd,no
11894,g3,3,3rd,no
11898,g3,2,4th,no
11901,g3,15,4th,no
11902,g3,16,4th,no
11904,g3,45,1st,no
11905,g3,47,1st,no
11906,g3,36,1st,no
11908,g3,47,1st,no
11909,g3,26,2nd,no
11911,g3,36,1st,no
11912,g3,23,3rd,no
11915,g3,43,1st,no
11916,g3,21,4th,no
11918,g3,37,1st,no
11919,g3,24,3rd,no
11921,g3,27,2nd,no
11922,g3,30,1st,no
11925,g3,37,1st,no
11927,g3,48,1st,no
11928,g3,27,2nd,no
11931,g3,45,1st,no
11934,g3,31,1st,no
11936,g3,21,4th,no
11938,g3,39,1st,no
11939,g3,42,1st,no
11941,g3,25,3rd,no
11942,g3,22,4th,no
11945,g3,35,1st,no
11947,g3,43,1st,no
11948,g3,39,1st,no
11951,g3,43,1st,no
11954,g3,23,3rd,no
11957,g3,30,2nd,no
11958,g3,18,4th,no
11961,g3,37,1st,no
11964,g3,19,4th,no
11968,g3,29,2nd,no
11971,g3,21,3rd,no
11972,g3,30,1st,no
11974,g3,30,2nd,no
11975,g3,46,1st,no
11976,g3,29,1st,no
11978,g3,23,3rd,no
11979,g3,24,2nd,no
11981,g3,28,2nd,no
11982,g3,18,4th,no
11985,g3,30,2nd,no
11986,g3,37,1st,no
11988,g3,28,2nd,no
11989,g3,45,1st,no
11991,g3,19,3rd,no
11992,g3,33,1st,no
11995,g3,35,1st,no
11997,g3,24,2nd,no
11998,g3,29,1st,no
12001,g3,31,1st,no
12004,g3,21,3rd,no
12006,g3,14,4th,no
12008,g3,26,3rd,no
12009,g3,36,1st,no
12011,g3,34,1st,no
12012,g3,27,2nd,no
12015,g3,21,2nd,no
12017,g3,18,4th,no
12018,g3,22,3rd,no
12021,g3,28,1st,no
12024,g3,28,2nd,no
12027,g3,19,4th,no
12028,g3,21,3rd,no
12031,g3,30,2nd,no
12034,g3,30,2nd,no
12038,g3,29,2nd,no
12041,g3,148,3rd,no
12042,g3,139,1st,no
12044,g3,182,1st,no
12045,g3,251,1st,no
12046,g3,263,1st,no
12048,g3,196,2nd,no
12049,g3,207,2nd,no
12051,g3,213,1st,no
12052,g3,284,1st,no
12055,g3,201,1st,no
12056,g3,240,1st,no
12058,g3,177,1st,no
12059,g3,218,1st,no
12061,g3,118,3rd,no
12062,g3,124,2nd,no
12065,g3,144,2nd,no
12067,g3,161,1st,no
12068,g3,170,1st,no
12071,g3,335,1st,no
12074,g3,323,1st,no
12076,g3,146,2nd,no
12078,g3,165,2nd,no
12079,g3,215,1st,no
12081,g3,175,1st,no
12082,g3,99,4th,no
12085,g3,204,1st,no
12087,g3,223,1st,no
12088,g3,261,1st,no
12091,g3,216,1st,no
12094,g3,196,1st,no
12097,g3,151,1st,no
12098,g3,116,2nd,no
12101,g3,187,1st,no
12104,g3,167,1st,no
12108,g3,191,1st,no
12111,g3,100,4th,no
12112,g3,90,4th,no
12114,g3,154,2nd,no
12115,g3,188,1st,no
12116,g3,88,4th,no
12118,g3,149,3rd,no
12119,g3,141,2nd,no
12121,g3,116,3rd,no
12122,g3,153,2nd,no
12125,g3,147,2nd,no
12126,g3,133,2nd,no
12128,g3,195,1st,no
12129,g3,219,1st,no
12131,g3,130,2nd,no
12132,g3,145,1st,no
12135,g3,148,1st,no
12137,g3,98,4th,no
12138,g3,119,3rd,no
12141,g3,138,3rd,no
12144,g3,151,2nd,no
12146,g3,180,1st,no
12148,g3,105,3rd,no
12149,g3,152,2nd,no
12151,g3,101,4th,no
12152,g3,93,4th,no
12155,g3,143,2nd,no
12157,g3,91,4th,no
12158,g3,203,1st,no
12159,g3,136,1st,no
12160,g3,97,4th,no
12162,g3,248,1st,no
12163,g3,147,2nd,no
12165,g3,112,3rd,no
12166,g3,150,1st,no
12171,g3,142,2nd,no
12174,g3,104,3rd,no
12178,g3,121,3rd,no
13021,g3,6,2nd,no
13022,g3,5,3rd,no
13024,g3,5,2nd,no
13025,g3,6,2nd,no
13026,g3,3,3rd,no
13028,g3,6,1st,no
13029,g3,3,4th,no
13031,g3,7,2nd,no
13032,g3,4,2nd,no
13035,g3,6,2nd,no
13036,g3,4,3rd,no
13038,g3,9,1st,no
13039,g3,7,1st,no
13041,g3,6,1st,no
13042,g3,6,2nd,no
13045,g3,3,4th,no
13047,g3,2,4th,no
13048,g3,4,3rd,no
13051,g3,7,1st,no
13054,g3,8,1st,no
13056,g3,5,2nd,no
13058,g3,6,1st,no
13059,g3,4,2nd,no
13061,g3,7,1st,no
13062,g3,6,2nd,no
13065,g3,5,1st,no
13067,g3,5,2nd,no
13068,g3,4,3rd,no
13071,g3,8,1st,no
13074,g3,6,1st,no
13077,g3,4,3rd,no
13078,g3,8,1st,no
13081,g3,7,1st,no
13084,g3,7,1st,no
13088,g3,7,1st,no
13091,g3,3,3rd,no
13092,g3,3,3rd,no
13094,g3,4,2nd,no
13095,g3,7,1st,no
13096,g3,6,2nd,no
13098,g3,6,1st,no
13099,g3,4,2nd,no
13101,g3,5,2nd,no
13102,g3,6,1st,no
13105,g3,3,4th,no
13106,g3,6,2nd,no
13108,g3,7,1st,no
13109,g3,4,2nd,no
13111,g3,7,1st,no
13112,g3,4,3rd,no
13115,g3,6,2nd,no
13117,g3,3,3rd,no
13118,g3,3,4th,no
13121,g3,3,2nd,no
13124,g3,5,3rd,no
13126,g3,3,3rd,no
13128,g3,3,4th,no
13129,g3,7,1st,no
13131,g3,6,2nd,no
13132,g3,5,2nd,no
13135,g3,5,2nd,no
13137,g3,5,2nd,no
13138,g3,4,2nd,no
13141,g3,5,2nd,no
13144,g3,9,1st,no
13147,g3,5,2nd,no
13148,g3,4,3rd,no
13151,g3,5,2nd,no
13154,g3,4,3rd,no
13158,g3,5,2nd,no
13161,g3,26,2nd,no
13162,g3,42,1st,no
13164,g3,47,1st,no
13165,g3,39,1st,no
13166,g3,44,1st,no
13168,g3,39,1st,no
13169,g3,34,1st,no
13171,g3,30,1st,no
13172,g3,37,1st,no
13175,g3,36,1st,no
13176,g3,37,1st,no
13178,g3,31,2nd,no
13179,g3,41,1st,no
13181,g3,34,1st,no
13182,g3,31,1st,no
13185,g3,38,1st,no
13187,g3,42,1st,no
13188,g3,26,3rd,no
13191,g3,58,1st,no
13194,g3,37,1st,no
13196,g3,18,3rd,no
13198,g3,33,1st,no
13199,g3,40,1st,no
13201,g3,19,3rd,no
13202,g3,23,3rd,no
13205,g3,40,1st,no
13207,g3,34,1st,no
13208,g3,25,2nd,no
13211,g3,39,1st,no
13214,g3,35,1st,no
13217,g3,29,1st,no
13218,g3,39,1st,no
13221,g3,27,3rd,no
13224,g3,32,2nd,no
13228,g3,29,1st,no
13231,g3,27,3rd,no
13232,g3,17,4th,no
13234,g3,33,2nd,no
13235,g3,27,3rd,no
13236,g3,24,3rd,no
13238,g3,32,2nd,no
13239,g3,26,2nd,no
13241,g3,24,3rd,no
13242,g3,20,4th,no
13245,g3,38,1st,no
13246,g3,27,2nd,no
13248,g3,40,1st,no
13249,g3,39,1st,no
13251,g3,26,2nd,no
13252,g3,28,2nd,no
13255,g3,41,1st,no
13257,g3,36,1st,no
13258,g3,17,4th,no
13261,g3,35,1st,no
13264,g3,16,4th,no
13266,g3,27,2nd,no
13268,g3,28,3rd,no
13269,g3,27,3rd,no
13271,g3,21,4th,no
13272,g3,16,4th,no
13275,g3,34,1st,no
13277,g3,29,1st,no
13278,g3,32,2nd,no
13281,g3,24,3rd,no
13284,g3,21,3rd,no
13287,g3,22,4th,no
13288,g3,17,4th,no
13291,g3,30,2nd,no
13294,g3,29,2nd,no
13298,g3,18,4th,no
13301,g3,127,3rd,no
13302,g3,100,4th,no
13304,g3,259,1st,no
13305,g3,191,1st,no
13306,g3,271,1st,no
13308,g3,175,2nd,no
13309,g3,252,1st,no
13311,g3,126,2nd,no
13312,g3,311,1st,no
13315,g3,221,1st,no
13316,g3,204,1st,no
13318,g3,211,1st,no
13319,g3,193,1st,no
13321,g3,105,4th,no
13322,g3,133,2nd,no
13325,g3,171,1st,no
13327,g3,250,1st,no
13328,g3,171,1st,no
13331,g3,211,1st,no
13334,g3,216,1st,no
13336,g3,132,2nd,no
13338,g3,179,1st,no
13339,g3,173,1st,no
13341,g3,86,4th,no
13342,g3,109,4th,no
13345,g3,224,1st,no
13347,g3,172,1st,no
13348,g3,266,1st,no
13351,g3,206,1st,no
13354,g3,220,1st,no
13357,g3,95,4th,no
13358,g3,210,1st,no
13361,g3,213,1st,no
13364,g3,106,4th,no
13368,g3,206,1st,no
13371,g3,154,2nd,no
13372,g3,128,2nd,no
13374,g3,134,2nd,no
13375,g3,199,1st,no
13376,g3,96,4th,no
13378,g3,107,3rd,no
13379,g3,197,1st,no
13381,g3,132,2nd,no
13382,g3,175,1st,no
13385,g3,185,1st,no
13386,g3,149,2nd,no
13388,g3,163,2nd,no
13389,g3,165,1st,no
13391,g3,104,4th,no
13392,g3,193,1st,no
13395,g3,189,1st,no
13397,g3,240,1st,no
13398,g3,117,3rd,no
13401,g3,88,4th,no
13404,g3,104,4th,no
13406,g3,172,1st,no
13408,g3,112,3rd,no
13409,g3,141,2nd,no
13411,g3,70,4th,no
13412,g3,98,4th,no
13415,g3,168,1st,no
13417,g3,132,1st,no
13418,g3,103,4th,no
13421,g3,128,3rd,no
13424,g3,124,2nd,no
13427,g3,121,2nd,no
13428,g3,136,1st,no
13431,g3,154,2nd,no
13434,g3,128,2nd,no
13438,g3,116,3rd,no
14281,g3,5,2nd,no
14282,g3,8,1st,no
14284,g3,10,1st,no
14285,g3,6,1st,no
14286,g3,8,1st,no
14288,g3,5,2nd,no
14289,g3,4,3rd,no
14291,g3,5,2nd,no
14292,g3,3,4th,no
14295,g3,4,3rd,no
14296,g3,7,1st,no
14298,g3,8,1st,no
14299,g3,8,1st,no
14301,g3,7,2nd,no
14302,g3,6,1st,no
14305,g3,5,2nd,no
14307,g3,7,1st,no
14308,g3,5,2nd,no
14311,g3,5,2nd,no
14314,g3,3,4th,no
14316,g3,5,2nd,no
14318,g3,6,2nd,no
14319,g3,5,2nd,no
14321,g3,6,1st,no
14322,g3,7,1st,no
14325,g3,5,2nd,no
14327,g3,5,1st,no
14328,g3,3,3rd,no
14331,g3,7,1st,no
14334,g3,5,2nd,no
14337,g3,7,1st,no
14338,g3,5,3rd,no
14341,g3,4,3rd,no
14344,g3,6,2nd,no
14348,g3,5,3rd,no
14351,g3,4,2nd,no
14352,g3,10,1st,no
14354,g3,5,2nd,no
14355,g3,5,2nd,no
14356,g3,3,3rd,no
14358,g3,8,1st,no
14359,g3,4,3rd,no
14361,g3,7,1st,no
14362,g3,6,2nd,no
14365,g3,5,2nd,no
14366,g3,4,2nd,no
14368,g3,5,2nd,no
14369,g3,6,1st,no
14371,g3,6,1st,no
14372,g3,6,1st,no
14375,g3,6,2nd,no
14377,g3,4,3rd,no
14378,g3,4,3rd,no
14381,g3,6,1st,no
14384,g3,4,3rd,no
14386,g3,5,3rd,no
14388,g3,6,2nd,no
14389,g3,4,2nd,no
14391,g3,8,1st,no
14392,g3,4,3rd,no
14395,g3,6,1st,no
14397,g3,4,4th,no
14398,g3,4,3rd,no
14401,g3,4,3rd,no
14404,g3,6,1st,no
14407,g3,6,1st,no
14408,g3,3,3rd,no
14411,g3,4,3rd,no
14414,g3,4,2nd,no
14418,g3,4,3rd,no
14421,g3,26,2nd,no
14422,g3,22,3rd,no
14424,g3,40,1st,no
14425,g3,32,2nd,no
14426,g3,22,3rd,no
14428,g3,45,1st,no
14429,g3,70,1st,no
14431,g3,34,1st,no
14432,g3,22,3rd,no
14435,g3,39,1st,no
14436,g3,21,3rd,no
14438,g3,56,1st,no
14439,g3,48,1st,no
14441,g3,33,1st,no
14442,g3,43,1st,no
14445,g3,48,1st,no
14447,g3,36,1st,no
14448,g3,22,3rd,no
14451,g3,45,1st,no
14454,g3,27,1st,no
14456,g3,23,3rd,no
14458,g3,54,1st,no
14459,g3,30,3rd,no
14461,g3,39,1st,no
14462,g3,24,3rd,no
14465,g3,39,1st,no
14467,g3,37,1st,no
14468,g3,30,1st,no
14471,g3,37,1st,no
14474,g3,25,2nd,no
14477,g3,42,1st,no
14478,g3,28,2nd,no
14481,g3,32,1st,no
14484,g3,21,3rd,no
14488,g3,27,2nd,no
14491,g3,16,3rd,no
14492,g3,18,4th,no
14494,g3,28,2nd,no
14495,g3,36,1st,no
14496,g3,16,4th,no
14498,g3,42,1st,no
14499,g3,30,2nd,no
14501,g3,21,4th,no
14502,g3,24,2nd,no
14505,g3,24,2nd,no
14506,g3,31,2nd,no
14508,g3,38,1st,no
14509,g3,38,1st,no
14511,g3,24,3rd,no
14512,g3,44,1st,no
14515,g3,42,1st,no
14517,g3,24,2nd,no
14518,g3,27,2nd,no
14521,g3,37,1st,no
14524,g3,17,4th,no
14526,g3,28,1st,no
14528,g3,29,2nd,no
14529,g3,33,1st,no
14531,g3,22,3rd,no
14532,g3,21,3rd,no
14535,g3,26,2nd,no
14537,g3,25,2nd,no
14538,g3,25,2nd,no
14541,g3,30,2nd,no
14544,g3,15,4th,no
14547,g3,15,4th,no
14548,g3,26,3rd,no
14551,g3,35,1st,no
14554,g3,16,4th,no
14558,g3,20,4th,no
14561,g3,116,3rd,no
14562,g3,107,4th,no
14564,g3,172,1st,no
14565,g3,246,1st,no
14566,g3,236,1st,no
14568,g3,237,1st,no
14569,g3,232,1st,no
14571,g3,197,1st,no
14572,g3,262,1st,no
14575,g3,212,1st,no
14576,g3,214,1st,no
14578,g3,170,1st,no
14579,g3,226,1st,no
14581,g3,191,1st,no
14582,g3,99,4th,no
14585,g3,213,1st,no
14587,g3,243,1st,no
14588,g3,294,1st,no
14591,g3,170,2nd,no
14594,g3,230,1st,no
14596,g3,183,1st,no
14598,g3,133,3rd,no
14599,g3,209,1st,no
14601,g3,98,4th,no
14602,g3,151,1st,no
14605,g3,228,1st,no
14607,g3,191,2nd,no
14608,g3,363,1st,no
14611,g3,213,1st,no
14614,g3,194,1st,no
14617,g3,101,4th,no
14618,g3,86,4th,no
14621,g3,159,1st,no
14624,g3,189,1st,no
14628,g3,231,1st,no
14631,g3,90,4th,no
14632,g3,136,2nd,no
14634,g3,216,1st,no
14635,g3,178,1st,no
14636,g3,106,4th,no
14638,g3,123,3rd,no
14639,g3,190,1st,no
14641,g3,91,4th,no
14642,g3,151,1st,no
14645,g3,149,1st,no
14646,g3,146,2nd,no
14648,g3,163,2nd,no
14649,g3,200,1st,no
14651,g3,90,4th,no
14652,g3,162,1st,no
14655,g3,175,1st,no
14657,g3,141,2nd,no
14658,g3,138,2nd,no
14661,g3,227,1st,no
14664,g3,128,2nd,no
14666,g3,110,4th,no
14668,g3,114,3rd,no
14669,g3,153,2nd,no
14671,g3,89,4th,no
14672,g3,102,4th,no
14675,g3,161,1st,no
14677,g3,98,4th,no
14678,g3,101,4th,no
14681,g3,142,2nd,no
14684,g3,120,2nd,no
14687,g3,119,3rd,no
14688,g3,148,1st,no
14691,g3,165,1st,no
14694,g3,121,3rd,no
14698,g3,113,4th,no
15541,g3,3,4th,no
15542,g3,8,1st,no
15544,g3,9,1st,no
15545,g3,6,2nd,no
15546,g3,5,2nd,no
15548,g3,8,1st,no
15549,g3,4,3rd,no
15551,g3,7,1st,no
15552,g3,6,1st,no
15555,g3,4,3rd,no
15556,g3,6,2nd,no
15558,g3,4,3rd,no
15559,g3,6,1st,no
15561,g3,4,2nd,no
15562,g3,7,2nd,no
15565,g3,5,3rd,no
15567,g3,7,1st,no
15568,g3,4,3rd,no
15571,g3,7,1st,no
15574,g3,6,1st,no
15576,g3,7,1st,no
15578,g3,7,1st,no
15579,g3,6,1st,no
15581,g3,5,3rd,no
15582,g3,4,3rd,no
15585,g3,5,1st,no
15587,g3,5,2nd,no
15588,g3,6,2nd,no
15591,g3,4,3rd,no
15594,g3,5,2nd,no
15597,g3,5,2nd,no
15598,g3,6,2nd,no
15601,g3,8,1st,no
15604,g3,4,3rd,no
15608,g3,5,2nd,no
15611,g3,6,2nd,no
15612,g3,7,1st,no
15614,g3,5,2nd,no
15615,g3,5,2nd,no
15616,g3,4,3rd,no
15618,g3,5,2nd,no
15619,g3,3,3rd,no
15621,g3,5,1st,no
15622,g3,7,2nd,no
15625,g3,5,2nd,no
15626,g3,5,2nd,no
15628,g3,7,1st,no
15629,g3,3,4th,no
15631,g3,4,2nd,no
15632,g3,3,3rd,no
15635,g3,5,2nd,no
15637,g3,5,3rd,no
15638,g3,2,4th,no
15641,g3,4,3rd,no
15644,g3,4,3rd,no
15646,g3,4,3rd,no
15648,g3,6,2nd,no
15649,g3,4,3rd,no
15651,g3,5,2nd,no
15652,g3,6,1st,no
15655,g3,5,2nd,no
15657,g3,5,2nd,no
15658,g3,2,4th,no
15661,g3,4,3rd,no
15664,g3,4,3rd,no
15667,g3,2,4th,no
15668,g3,3,4th,no
15671,g3,6,2nd,no
15674,g3,5,2nd,no
15678,g3,4,3rd,no
15681,g3,27,2nd,no
15682,g3,20,4th,no
15684,g3,46,1st,no
15685,g3,42,1st,no
15686,g3,37,1st,no
15688,g3,33,2nd,no
15689,g3,35,1st,no
15691,g3,26,3rd,no
15692,g3,21,3rd,no
15695,g3,53,1st,no
15696,g3,15,4th,no
15698,g3,41,1st,no
15699,g3,46,1st,no
15701,g3,34,1st,no
15702,g3,28,1st,no
15705,g3,42,1st,no
15707,g3,42,1st,no
15708,g3,22,3rd,no
15711,g3,65,1st,no
15714,g3,34,2nd,no
15716,g3,27,1st,no
15718,g3,39,1st,no
15719,g3,36,2nd,no
15721,g3,35,1st,no
15722,g3,30,1st,no
15725,g3,45,1st,no
15727,g3,32,1st,no
15728,g3,42,1st,no
15731,g3,71,1st,no
15734,g3,50,1st,no
15737,g3,26,3rd,no
15738,g3,45,1st,no
15741,g3,36,1st,no
15744,g3,27,2nd,no
15748,g3,28,1st,no
15751,g3,25,3rd,no
15752,g3,16,4th,no
15754,g3,39,1st,no
15755,g3,46,1st,no
15756,g3,15,4th,no
15758,g3,30,2nd,no
15759,g3,24,3rd,no
15761,g3,37,1st,no
15762,g3,18,4th,no
15765,g3,27,2nd,no
15766,g3,30,2nd,no
15768,g3,40,1st,no
15769,g3,51,1st,no
15771,g3,29,1st,no
15772,g3,35,1st,no
15775,g3,39,1st,no
15777,g3,18,4th,no
15778,g3,21,3rd,no
15781,g3,24,3rd,no
15784,g3,18,4th,no
15786,g3,18,4th,no
15788,g3,34,2nd,no
15789,g3,18,3rd,no
15791,g3,23,3rd,no
15792,g3,26,2nd,no
15795,g3,30,1st,no
15797,g3,24,3rd,no
15798,g3,24,2nd,no
15801,g3,33,2nd,no
15804,g3,23,3rd,no
15807,g3,17,4th,no
15808,g3,15,4th,no
15811,g3,31,1st,no
15814,g3,17,3rd,no
15818,g3,25,3rd,no
15821,g3,114,3rd,no
15822,g3,91,4th,no
15824,g3,248,1st,no
15825,g3,242,1st,no
15826,g3,326,1st,no
15828,g3,191,1st,no
15829,g3,345,1st,no
15831,g3,161,2nd,no
15832,g3,264,1st,no
15835,g3,212,1st,no
15836,g3,135,2nd,no
15838,g3,177,1st,no
15839,g3,171,1st,no
15841,g3,164,2nd,no
15842,g3,178,1st,no
15845,g3,173,1st,no
15847,g3,256,1st,no
15848,g3,268,1st,no
15851,g3,93,3rd,no
15854,g3,193,1st,no
15856,g3,117,3rd,no
15858,g3,242,1st,no
15859,g3,168,1st,no
15861,g3,120,3rd,no
15862,g3,180,1st,no
15865,g3,193,1st,no
15867,g3,172,2nd,no
15868,g3,260,1st,no
15871,g3,243,1st,no
15874,g3,134,3rd,no
15877,g3,107,3rd,no
15878,g3,95,4th,no
15881,g3,129,2nd,no
15884,g3,159,1st,no
15888,g3,175,1st,no
15891,g3,111,3rd,no
15892,g3,149,1st,no
15894,g3,137,2nd,no
15895,g3,190,1st,no
15896,g3,85,4th,no
15898,g3,99,3rd,no
15899,g3,149,2nd,no
15901,g3,94,4th,no
15902,g3,95,4th,no
15905,g3,170,1st,no
15906,g3,155,2nd,no
15908,g3,171,1st,no
15909,g3,179,1st,no
15911,g3,128,2nd,no
15912,g3,128,2nd,no
15915,g3,149,1st,no
15917,g3,126,2nd,no
15918,g3,114,3rd,no
15921,g3,130,2nd,no
15924,g3,96,4th,no
15926,g3,154,2nd,no
15928,g3,139,3rd,no
15929,g3,135,3rd,no
15931,g3,99,4th,no
15932,g3,90,4th,no
15935,g3,160,2nd,no
15937,g3,100,4th,no
15938,g3,169,1st,no
15941,g3,160,1st,no
15944,g3,99,4th,no
15947,g3,110,3rd,no
15948,g3,150,1st,no
15951,g3,138,2nd,no
15954,g3,103,3rd,no
15958,g3,157,1st,no
16801,g3,4,3rd,no
16802,g3,6,1st,no
16804,g3,5,3rd,no
16805,g3,4,3rd,no
16806,g3,7,1st,no
16808,g3,10,1st,no
16809,g3,7,2nd,no
16811,g3,7,1st,no
16812,g3,5,2nd,no
16815,g3,6,2nd,no
16816,g3,5,2nd,no
16818,g3,5,3rd,no
16819,g3,6,1st,no
16821,g3,3,4th,no
16822,g3,8,1st,no
16825,g3,4,3rd,no
16827,g3,5,1st,no
16828,g3,3,3rd,no
16831,g3,4,3rd,no
16834,g3,6,1st,no
16836,g3,7,1st,no
16838,g3,7,1st,no
16839,g3,6,1st,no
16841,g3,3,4th,no
16842,g3,8,1st,no
16845,g3,4,3rd,no
16847,g3,5,2nd,no
16848,g3,5,2nd,no
16851,g3,7,1st,no
16854,g3,4,3rd,no
16857,g3,3,4th,no
16858,g3,7,1st,no
16861,g3,6,1st,no
16864,g3,3,4th,no
16868,g3,7,1st,no
16871,g3,5,2nd,no
16872,g3,7,2nd,no
16874,g3,5,2nd,no
16875,g3,5,2nd,no
16876,g3,3,4th,no
16878,g3,4,2nd,no
16879,g3,4,3rd,no
16881,g3,6,1st,no
16882,g3,3,4th,no
16885,g3,4,2nd,no
16886,g3,4,3rd,no
16888,g3,4,3rd,no
16889,g3,5,2nd,no
16891,g3,4,4th,no
16892,g3,4,2nd,no
16895,g3,6,1st,no
16897,g3,4,4th,no
16898,g3,2,3rd,no
16901,g3,3,4th,no
16904,g3,2,4th,no
16906,g3,6,2nd,no
16908,g3,5,2nd,no
16909,g3,7,1st,no
16911,g3,6,1st,no
16912,g3,5,3rd,no
16915,g3,4,4th,no
16917,g3,3,4th,no
16918,g3,5,2nd,no
16921,g3,5,2nd,no
16924,g3,5,2nd,no
16927,g3,5,2nd,no
16928,g3,4,3rd,no
16931,g3,6,2nd,no
16934,g3,6,2nd,no
16938,g3,4,3rd,no
16941,g3,27,3rd,no
16942,g3,27,2nd,no
16944,g3,35,2nd,no
16945,g3,32,2nd,no
16946,g3,30,2nd,no
16948,g3,28,3rd,no
16949,g3,33,2nd,no
16951,g3,33,1st,no
16952,g3,22,3rd,no
16955,g3,36,1st,no
16956,g3,37,1st,no
16958,g3,47,1st,no
16959,g3,38,1st,no
16961,g3,32,1st,no
16962,g3,31,1st,no
16965,g3,45,1st,no
16967,g3,40,1st,no
16968,g3,55,1st,no
16971,g3,32,1st,no
16974,g3,30,1st,no
16976,g3,31,1st,no
16978,g3,28,3rd,no
16979,g3,24,3rd,no
16981,g3,29,1st,no
16982,g3,22,3rd,no
16985,g3,47,1st,no
16987,g3,28,2nd,no
16988,g3,19,3rd,no
16991,g3,35,1st,no
16994,g3,50,1st,no
16997,g3,25,2nd,no
16998,g3,26,2nd,no
17001,g3,38,1st,no
17004,g3,30,1st,no
17008,g3,35,1st,no
17011,g3,28,2nd,no
17012,g3,20,3rd,no
17014,g3,40,2nd,no
17015,g3,39,1st,no
17016,g3,27,3rd,no
17018,g3,26,2nd,no
17019,g3,23,3rd,no
17021,g3,36,1st,no
17022,g3,16,4th,no
17025,g3,31,2nd,no
17026,g3,31,2nd,no
17028,g3,25,2nd,no
17029,g3,41,1st,no
17031,g3,22,2nd,no
17032,g3,52,1st,no
17035,g3,33,1st,no
17037,g3,31,1st,no
17038,g3,28,2nd,no
17041,g3,41,2nd,no
17044,g3,28,2nd,no
17046,g3,30,1st,no
17048,g3,31,2nd,no
17049,g3,26,2nd,no
17051,g3,21,3rd,no
17052,g3,23,3rd,no
17055,g3,25,2nd,no
17057,g3,22,3rd,no
17058,g3,25,3rd,no
17061,g3,22,3rd,no
17064,g3,26,2nd,no
17067,g3,29,2nd,no
17068,g3,34,1st,no
17071,g3,29,2nd,no
17074,g3,21,3rd,no
17078,g3,29,1st,no
17081,g3,117,3rd,no
17082,g3,193,1st,no
17084,g3,219,1st,no
17085,g3,181,1st,no
17086,g3,319,1st,no
17088,g3,239,1st,no
17089,g3,319,1st,no
17091,g3,134,3rd,no
17092,g3,200,1st,no
17095,g3,235,1st,no
17096,g3,112,4th,no
17098,g3,179,1st,no
17099,g3,217,1st,no
17101,g3,118,4th,yes
17102,g3,135,2nd,no
17105,g3,215,1st,no
17107,g3,226,1st,no
17108,g3,222,1st,no
17111,g3,107,2nd,no
17114,g3,375,1st,no
17116,g3,105,4th,no
17118,g3,188,1st,no
17119,g3,145,3rd,no
17121,g3,206,1st,no
17122,g3,121,2nd,no
17125,g3,161,2nd,no
17127,g3,170,2nd,no
17128,g3,249,1st,no
17131,g3,225,1st,no
17134,g3,254,1st,no
17137,g3,146,1st,no
17138,g3,100,4th,no
17141,g3,197,1st,no
17144,g3,176,1st,no
17148,g3,185,1st,no
17151,g3,135,2nd,no
17152,g3,80,4th,no
17154,g3,155,2nd,no
17155,g3,188,1st,no
17156,g3,75,4th,no
17158,g3,232,1st,no
17159,g3,112,3rd,no
17161,g3,86,4th,no
17162,g3,170,1st,no
17165,g3,171,1st,no
17166,g3,164,2nd,no
17168,g3,140,2nd,no
17169,g3,179,1st,no
17171,g3,104,4th,no
17172,g3,132,2nd,no
17175,g3,149,1st,no
17177,g3,104,3rd,no
17178,g3,112,3rd,no
17181,g3,151,2nd,no
17184,g3,122,2nd,no
17186,g3,87,4th,no
17188,g3,131,3rd,no
17189,g3,148,2nd,no
17191,g3,88,4th,no
17192,g3,108,3rd,no
17195,g3,118,2nd,no
17197,g3,87,4th,no
17198,g3,100,3rd,no
17201,g3,116,3rd,no
17204,g3,170,1st,no
17207,g3,88,4th,no
17208,g3,92,4th,no
17211,g3,168,1st,no
17214,g3,119,3rd,no
17218,g3,128,2nd,no
