game,name,score,place,timeout
10,g2,2,4th,no
10,g6,6,1st,no
10,g7,6,1st,no
13,g1,4,3rd,no
14,g4,6,1st,no
14,g6,3,4th,no
14,g7,5,2nd,no
15,g3,3,4th,no
17,g2,5,1st,no
17,g4,5,1st,no
17,g8,5,1st,no
20,g1,1,4th,no
24,g4,1,4th,no
24,g6,5,3rd,no
24,g8,8,1st,no
25,g3,4,3rd,no
25,g4,3,4th,no
25,g6,5,2nd,no
25,g8,7,1st,no
26,g1,5,2nd,no
26,g2,4,3rd,no
26,g7,4,3rd,no
26,g8,6,1st,no
29,g1,5,2nd,no
30,g4,0,4th,no
30,g7,5,3rd,no
30,g8,7,1st,no
31,g3,4,4th,no
31,g4,5,2nd,no
31,g7,5,2nd,no
31,g8,6,1st,no
32,g1,4,3rd,no
32,g6,4,3rd,no
32,g7,6,1st,no
32,g8,5,2nd,no
33,g2,5,2nd,no
33,g6,3,4th,no
33,g7,5,2nd,no
33,g8,6,1st,no
34,g3,4,3rd,no
34,g6,6,1st,no
34,g7,5,2nd,no
34,g8,4,3rd,no
35,g4,4,3rd,no
35,g6,4,3rd,no
35,g7,5,2nd,no
35,g8,7,1st,no
37,g1,1,4th,no
40,g2,4,3rd,no
40,g6,5,2nd,no
40,g9,4,3rd,no
43,g1,5,2nd,no
43,g4,3,4th,no
43,g6,5,2nd,no
43,g9,6,1st,no
44,g2,3,4th,no
44,g4,6,1st,no
44,g6,6,1st,no
44,g9,4,3rd,no
45,g3,2,4th,no
45,g4,4,3rd,no
45,g6,6,2nd,no
45,g9,7,1st,no
46,g1,3,4th,no
49,g4,3,4th,no
49,g7,5,2nd,no
49,g9,4,3rd,no
50,g2,4,3rd,no
51,g4,3,4th,no
51,g7,5,2nd,no
51,g9,5,2nd,no
52,g1,6,1st,no
52,g6,5,2nd,no
52,g7,4,3rd,no
52,g9,4,3rd,no
53,g2,1,4th,no
54,g6,2,4th,no
54,g7,4,3rd,no
54,g9,6,2nd,no
55,g4,6,1st,no
55,g6,2,4th,no
55,g7,6,1st,no
55,g9,5,3rd,no
56,g1,3,3rd,no
56,g2,1,4th,no
56,g8,7,2nd,no
56,g9,8,1st,no
59,g1,4,3rd,no
59,g4,7,1st,no
59,g8,5,2nd,no
59,g9,4,3rd,no
60,g2,3,3rd,no
61,g4,3,4th,no
61,g8,5,2nd,no
61,g9,7,1st,no
62,g1,1,4th,no
63,g6,4,3rd,no
63,g8,5,2nd,no
63,g9,7,1st,no
64,g3,4,3rd,no
64,g6,4,3rd,no
64,g8,5,2nd,no
64,g9,6,1st,no
65,g4,5,1st,no
65,g6,5,1st,no
65,g8,5,1st,no
65,g9,5,1st,no
66,g1,3,4th,no
66,g7,6,1st,no
66,g8,5,2nd,no
66,g9,5,2nd,no
67,g2,4,3rd,no
67,g7,8,1st,no
67,g8,5,2nd,no
67,g9,3,4th,no
68,g3,3,4th,no
68,g7,8,1st,no
68,g8,4,2nd,no
68,g9,4,2nd,no
69,g4,3,4th,no
69,g7,4,3rd,no
69,g8,6,1st,no
69,g9,6,1st,no
70,g6,1,4th,no
77,g2,5,1st,no
77,g4,5,1st,no
77,g7,5,1st,no
80,g1,4,3rd,no
80,g2,2,4th,no
80,g6,5,2nd,no
80,g7,8,1st,no
83,g1,4,3rd,no
83,g4,6,2nd,no
83,g6,1,4th,no
83,g7,8,1st,no
84,g2,2,4th,no
87,g2,7,1st,no
87,g4,4,3rd,no
87,g8,2,4th,no
90,g1,6,1st,no
90,g2,5,2nd,no
90,g6,4,4th,no
90,g8,5,2nd,no
93,g1,6,1st,no
93,g4,5,2nd,no
93,g6,3,4th,no
93,g8,5,2nd,no
94,g2,4,4th,no
95,g4,6,1st,no
95,g6,4,3rd,no
95,g8,4,3rd,no
96,g1,4,3rd,no
96,g2,5,2nd,no
96,g7,6,1st,no
96,g8,4,3rd,no
99,g1,4,3rd,no
99,g4,6,1st,no
99,g7,6,1st,no
99,g8,3,4th,no
100,g2,4,3rd,no
101,g4,1,4th,no
101,g7,7,2nd,no
101,g8,2,3rd,no
102,g1,3,4th,no
102,g6,5,2nd,no
102,g7,6,1st,no
102,g8,5,2nd,no
103,g2,2,4th,no
104,g6,3,4th,no
104,g7,6,1st,no
104,g8,5,2nd,no
105,g4,3,4th,no
107,g2,4,3rd,no
107,g4,3,4th,no
107,g9,6,1st,no
110,g1,4,2nd,no
110,g2,3,4th,no
110,g6,4,2nd,no
110,g9,8,1st,no
113,g1,2,3rd,no
114,g4,2,4th,no
114,g6,5,2nd,no
114,g9,7,1st,no
115,g3,4,2nd,no
116,g2,4,3rd,no
116,g7,5,2nd,no
116,g9,4,3rd,no
119,g1,3,4th,no
119,g4,4,3rd,no
119,g7,6,1st,no
119,g9,6,1st,no
120,g2,3,3rd,no
121,g4,1,4th,no
121,g7,6,2nd,no
121,g9,6,2nd,no
122,g1,5,2nd,no
122,g6,4,3rd,no
122,g7,6,1st,no
122,g9,4,3rd,no
123,g2,1,4th,no
124,g6,2,4th,no
124,g7,5,2nd,no
124,g9,4,3rd,no
125,g4,2,4th,no
125,g6,3,3rd,no
125,g7,8,1st,no
125,g9,6,2nd,no
126,g1,3,4th,no
129,g4,2,4th,no
129,g8,5,3rd,no
129,g9,6,1st,no
130,g2,4,3rd,no
130,g4,2,4th,no
130,g8,6,2nd,no
130,g9,7,1st,no
131,g3,4,3rd,no
132,g6,3,4th,no
132,g8,4,3rd,no
132,g9,6,2nd,no
133,g2,6,2nd,no
133,g6,2,4th,no
133,g8,4,3rd,no
133,g9,7,1st,no
134,g3,6,2nd,no
134,g6,2,4th,no
134,g8,3,3rd,no
134,g9,8,1st,no
135,g4,3,3rd,no
136,g7,8,1st,no
136,g8,3,4th,no
136,g9,4,2nd,no
137,g2,1,4th,no
138,g7,6,2nd,no
138,g8,2,4th,no
138,g9,7,1st,no
139,g4,2,4th,no
139,g7,5,2nd,no
139,g8,7,1st,no
139,g9,5,2nd,no
140,g6,1,4th,no
1263,g2,3,4th,no
1263,g4,4,3rd,no
1263,g6,8,1st,no
1267,g1,4,3rd,no
1267,g2,3,4th,no
1267,g4,5,2nd,no
1267,g7,7,1st,no
1270,g1,2,4th,no
1274,g4,4,3rd,no
1274,g6,6,2nd,no
1274,g7,3,4th,no
1275,g3,5,1st,no
1275,g4,5,1st,no
1275,g6,5,1st,no
1275,g7,5,1st,no
1277,g1,2,4th,no
1280,g2,6,1st,no
1280,g6,5,2nd,no
1280,g8,4,3rd,no
1283,g1,4,3rd,no
1284,g4,5,2nd,no
1284,g6,6,1st,no
1284,g8,4,4th,no
1285,g3,2,4th,no
1286,g2,3,4th,no
1286,g7,6,1st,no
1286,g8,6,1st,no
1289,g1,4,3rd,no
1290,g4,5,2nd,no
1290,g7,5,2nd,no
1290,g8,3,4th,no
1291,g3,7,1st,no
1291,g4,4,3rd,no
1291,g7,5,2nd,no
1291,g8,3,4th,no
1292,g1,6,1st,no
1292,g6,6,1st,no
1292,g7,6,1st,no
1292,g8,2,4th,no
1293,g2,3,4th,no
1294,g6,4,2nd,no
1294,g7,4,2nd,no
1294,g8,4,2nd,no
1295,g4,6,1st,no
1295,g6,4,3rd,no
1295,g7,5,2nd,no
1295,g8,4,3rd,no
1297,g1,4,3rd,no
1297,g2,6,1st,no
1297,g4,4,3rd,no
1297,g9,5,2nd,no
1300,g1,3,3rd,no
1303,g4,6,1st,no
1303,g6,4,3rd,no
1303,g9,4,3rd,no
1304,g2,3,4th,no
1305,g4,3,4th,no
1305,g6,5,2nd,no
1305,g9,6,1st,no
1306,g1,1,4th,no
1309,g4,2,4th,no
1309,g7,5,2nd,no
1309,g9,5,2nd,no
1310,g2,5,1st,no
1310,g4,4,4th,no
1310,g7,5,1st,no
1310,g9,5,1st,no
1311,g3,2,4th,no
1311,g4,4,3rd,no
1311,g7,7,1st,no
1311,g9,6,2nd,no
1312,g1,3,4th,no
1312,g6,5,2nd,no
1312,g7,5,2nd,no
1312,g9,6,1st,no
1313,g2,2,4th,no
1313,g6,6,2nd,no
1313,g7,7,1st,no
1313,g9,4,3rd,no
1314,g3,2,4th,no
1315,g6,4,2nd,no
1315,g7,4,2nd,no
1315,g9,4,2nd,no
1316,g1,4,3rd,no
1316,g2,4,3rd,no
1316,g8,6,1st,no
1316,g9,6,1st,no
1319,g1,1,4th,no
1319,g4,5,2nd,no
1319,g8,9,1st,no
1319,g9,4,3rd,no
1320,g2,2,4th,no
1321,g4,6,1st,no
1321,g8,5,2nd,no
1321,g9,3,4th,no
1322,g1,3,4th,no
1322,g6,7,1st,no
1322,g8,5,2nd,no
1322,g9,5,2nd,no
1323,g2,1,4th,no
1323,g6,6,2nd,no
1323,g8,5,3rd,no
1323,g9,7,1st,no
1324,g3,2,4th,no
1325,g6,5,2nd,no
1325,g8,4,4th,no
1325,g9,5,2nd,no
1326,g1,2,4th,no
1326,g7,6,1st,no
1326,g8,6,1st,no
1326,g9,5,3rd,no
1327,g2,3,4th,no
1328,g7,5,2nd,no
1328,g8,5,2nd,no
1328,g9,3,4th,no
1329,g4,2,4th,no
1330,g7,4,3rd,no
1330,g8,5,2nd,no
1330,g9,6,1st,no
1333,g1,5,2nd,no
1333,g2,6,1st,no
1333,g4,5,2nd,no
1333,g6,4,4th,no
1337,g1,3,3rd,no
1337,g2,3,3rd,no
1337,g4,4,2nd,no
1337,g7,9,1st,no
1340,g1,4,3rd,no
1340,g2,6,2nd,no
1340,g6,3,4th,no
1340,g7,7,1st,no
1343,g1,3,4th,no
1343,g4,4,3rd,no
1343,g6,6,1st,no
1343,g7,6,1st,no
1344,g2,4,3rd,no
1344,g4,4,3rd,no
1344,g6,5,2nd,no
1344,g7,6,1st,no
1345,g3,5,2nd,no
1345,g4,4,3rd,no
1345,g6,3,4th,no
1345,g7,8,1st,no
1347,g1,4,3rd,no
1347,g2,4,3rd,no
1347,g4,5,2nd,no
1347,g8,6,1st,no
1350,g1,5,2nd,no
1350,g2,4,3rd,no
1350,g6,4,3rd,no
1350,g8,7,1st,no
1353,g1,5,2nd,no
1353,g4,4,3rd,no
1353,g6,3,4th,no
1353,g8,8,1st,no
1354,g2,5,2nd,no
1355,g4,3,3rd,no
1355,g6,3,3rd,no
1355,g8,6,2nd,no
1356,g1,5,2nd,no
1356,g2,3,4th,no
1356,g7,5,2nd,no
1356,g8,6,1st,no
1359,g1,3,3rd,no
1359,g4,3,3rd,no
1359,g7,8,1st,no
1359,g8,5,2nd,no
1360,g2,4,2nd,no
1362,g6,2,3rd,no
1362,g7,7,2nd,no
1362,g8,2,3rd,no
1363,g2,4,2nd,no
1364,g6,4,3rd,no
1364,g7,5,2nd,no
1364,g8,3,4th,no
1365,g4,4,3rd,no
1365,g6,4,3rd,no
1365,g7,6,1st,no
1365,g8,6,1st,no
1367,g1,3,3rd,no
1367,g2,4,2nd,no
1367,g4,3,3rd,no
1367,g9,9,1st,no
1370,g1,4,2nd,no
1370,g2,4,2nd,no
1370,g6,4,2nd,no
1370,g9,7,1st,no
1373,g1,4,2nd,no
1374,g4,4,3rd,no
1374,g6,4,3rd,no
1374,g9,6,1st,no
1375,g3,4,2nd,no
1375,g4,2,4th,no
1375,g6,3,3rd,no
1375,g9,10,1st,no
1376,g1,3,4th,no
1376,g2,6,1st,no
1376,g7,5,2nd,no
1376,g9,5,2nd,no
1379,g1,2,4th,no
1379,g4,5,2nd,no
1379,g7,8,1st,no
1379,g9,4,3rd,no
1380,g2,3,3rd,no
1380,g4,3,3rd,no
1380,g7,6,2nd,no
1380,g9,7,1st,no
1381,g3,4,3rd,no
1381,g4,2,4th,no
1381,g7,7,1st,no
1381,g9,6,2nd,no
1382,g1,4,3rd,no
1382,g6,2,4th,no
1382,g7,8,1st,no
1382,g9,5,2nd,no
1383,g2,4,3rd,no
1384,g6,3,4th,no
1384,g7,5,2nd,no
1384,g9,4,3rd,no
1385,g4,4,3rd,no
1385,g6,3,4th,no
1385,g7,7,1st,no
1385,g9,5,2nd,no
1386,g1,2,4th,no
1389,g4,4,3rd,no
1389,g8,4,3rd,no
1389,g9,5,1st,no
1390,g2,4,3rd,no
1391,g4,1,4th,no
1391,g8,6,1st,no
1391,g9,6,1st,no
1392,g1,3,3rd,no
1392,g6,3,3rd,no
1392,g8,7,1st,no
1392,g9,7,1st,no
1393,g2,2,4th,no
1394,g6,3,4th,no
1394,g8,4,3rd,no
1394,g9,5,2nd,no
1395,g4,3,3rd,no
1395,g6,3,3rd,no
1395,g8,7,1st,no
1395,g9,6,2nd,no
1396,g1,2,4th,no
1397,g7,4,3rd,no
1397,g8,6,1st,no
1397,g9,5,2nd,no
1398,g3,1,4th,no
1399,g7,7,1st,no
1399,g8,2,4th,no
1399,g9,7,1st,no
1400,g6,3,3rd,no
2523,g2,7,1st,no
2523,g4,4,3rd,no
2523,g6,4,3rd,no
2527,g1,4,4th,no
2530,g2,5,2nd,no
2530,g6,4,3rd,no
2530,g7,4,3rd,no
2533,g1,3,4th,no
2535,g4,3,4th,no
2535,g6,4,3rd,no
2535,g7,5,2nd,no
2537,g1,4,3rd,no
2537,g2,4,3rd,no
2537,g4,6,1st,no
2537,g8,5,2nd,no
2540,g1,2,4th,no
2540,g2,4,3rd,no
2540,g6,5,2nd,no
2540,g8,8,1st,no
2543,g1,3,3rd,no
2544,g4,2,4th,no
2544,g6,6,1st,no
2544,g8,6,1st,no
2545,g3,2,3rd,no
2549,g4,3,3rd,no
2549,g7,8,1st,no
2549,g8,2,4th,no
2550,g2,3,3rd,no
2551,g4,4,3rd,no
2551,g7,6,2nd,no
2551,g8,2,4th,no
2552,g1,4,2nd,no
2552,g6,9,1st,no
2552,g7,3,3rd,no
2552,g8,3,3rd,no
2553,g2,3,3rd,no
2553,g6,6,2nd,no
2553,g7,8,1st,no
2553,g8,2,4th,no
2554,g3,4,2nd,no
2554,g6,4,2nd,no
2554,g7,7,1st,no
2554,g8,4,2nd,no
2555,g4,5,3rd,no
2555,g6,3,4th,no
2555,g7,6,1st,no
2555,g8,6,1st,no
2557,g1,0,4th,no
2560,g2,3,4th,no
2560,g6,5,2nd,no
2560,g9,7,1st,no
2563,g1,3,4th,no
2564,g4,5,1st,no
2564,g6,5,1st,no
2564,g9,4,4th,no
2565,g3,5,3rd,no
2565,g4,6,1st,no
2565,g6,2,4th,no
2565,g9,6,1st,no
2566,g1,3,4th,no
2566,g2,5,2nd,no
2566,g7,6,1st,no
2566,g9,5,2nd,no
2569,g1,1,4th,no
2571,g4,3,4th,no
2571,g7,5,2nd,no
2571,g9,6,1st,no
2572,g1,5,1st,no
2572,g6,5,1st,no
2572,g7,5,1st,no
2572,g9,4,4th,no
2573,g2,2,4th,no
2574,g6,3,4th,no
2574,g7,5,2nd,no
2574,g9,5,2nd,no
2575,g4,6,1st,no
2575,g6,5,2nd,no
2575,g7,5,2nd,no
2575,g9,4,4th,no
2576,g1,4,3rd,no
2576,g2,7,1st,no
2576,g8,5,2nd,no
2576,g9,3,4th,no
2579,g1,5,2nd,no
2579,g4,3,4th,no
2579,g8,7,1st,no
2579,g9,4,3rd,no
2580,g2,3,4th,no
2580,g4,8,1st,no
2580,g8,4,2nd,no
2580,g9,4,2nd,no
2581,g3,4,4th,no
2581,g4,5,1st,no
2581,g8,5,1st,no
2581,g9,5,1st,no
2582,g1,3,4th,no
2582,g6,4,3rd,no
2582,g8,5,2nd,no
2582,g9,8,1st,no
2583,g2,3,4th,no
2583,g6,7,1st,no
2583,g8,4,3rd,no
2583,g9,5,2nd,no
2584,g3,4,4th,no
2584,g6,5,1st,no
2584,g8,5,1st,no
2584,g9,5,1st,no
2585,g4,5,2nd,no
2585,g6,6,1st,no
2585,g8,4,4th,no
2585,g9,5,2nd,no
2586,g1,3,4th,no
2586,g7,4,3rd,no
2586,g8,6,1st,no
2586,g9,6,1st,no
2587,g2,2,4th,no
2588,g7,9,1st,no
2588,g8,1,4th,no
2588,g9,4,3rd,no
2589,g4,2,4th,no
2589,g7,5,3rd,no
2589,g8,6,1st,no
2589,g9,6,1st,no
2590,g6,2,4th,no
2593,g2,3,4th,no
2593,g4,6,1st,no
2593,g6,6,1st,no
2597,g1,5,2nd,no
2597,g2,2,4th,no
2597,g4,3,3rd,no
2597,g7,9,1st,no
2600,g1,3,3rd,no
2600,g2,7,1st,no
2600,g6,3,3rd,no
2600,g7,6,2nd,no
2603,g1,4,2nd,no
2603,g4,4,2nd,no
2603,g6,3,4th,no
2603,g7,8,1st,no
2604,g2,5,2nd,no
2604,g4,4,3rd,no
2604,g6,1,4th,no
2604,g7,9,1st,no
2605,g3,5,2nd,no
2605,g4,4,3rd,no
2605,g6,3,4th,no
2605,g7,7,1st,no
2607,g1,5,2nd,no
2607,g2,6,1st,no
2607,g4,4,3rd,no
2607,g8,4,3rd,no
2610,g1,3,4th,no
2614,g4,3,4th,no
2614,g6,5,2nd,no
2614,g8,5,2nd,no
2615,g3,6,1st,no
2615,g4,5,2nd,no
2615,g6,3,4th,no
2615,g8,5,2nd,no
2616,g1,4,2nd,no
2619,g4,3,4th,no
2619,g7,6,1st,no
2619,g8,4,3rd,no
2620,g2,4,2nd,no
2620,g4,2,4th,no
2620,g7,9,1st,no
2620,g8,4,2nd,no
2621,g3,5,2nd,no
2621,g4,4,3rd,no
2621,g7,8,1st,no
2621,g8,2,4th,no
2622,g1,4,2nd,no
2622,g6,3,3rd,no
2622,g7,11,1st,no
2622,g8,2,4th,no
2623,g2,3,3rd,no
2624,g6,4,3rd,no
2624,g7,5,2nd,no
2624,g8,1,4th,no
2625,g4,4,3rd,no
2625,g6,2,4th,no
2625,g7,8,1st,no
2625,g8,5,2nd,no
2627,g1,2,4th,no
2633,g4,3,3rd,no
2633,g6,3,3rd,no
2633,g9,8,1st,no
2634,g2,3,3rd,no
2634,g4,7,1st,no
2634,g6,3,3rd,no
2634,g9,6,2nd,no
2635,g3,3,4th,no
2636,g2,5,1st,no
2636,g7,4,4th,no
2636,g9,5,1st,no
2639,g1,3,3rd,no
2639,g4,3,3rd,no
2639,g7,5,2nd,no
2639,g9,8,1st,no
2640,g2,4,3rd,no
2641,g4,3,4th,no
2641,g7,4,3rd,no
2641,g9,5,2nd,no
2642,g1,3,3rd,no
2642,g6,3,3rd,no
2642,g7,7,1st,no
2642,g9,6,2nd,no
2643,g2,3,3rd,no
2645,g6,5,1st,no
2645,g7,5,1st,no
2645,g9,4,4th,no
2646,g1,6,1st,no
2646,g2,4,3rd,no
2646,g8,4,3rd,no
2646,g9,5,2nd,no
2649,g1,2,4th,no
2651,g4,2,4th,no
2651,g8,5,3rd,no
2651,g9,6,2nd,no
2652,g1,5,3rd,no
2652,g6,6,1st,no
2652,g8,3,4th,no
2652,g9,6,1st,no
2653,g2,5,2nd,no
2653,g6,4,3rd,no
2653,g8,4,3rd,no
2653,g9,6,1st,no
2654,g3,4,3rd,no
2654,g6,4,3rd,no
2654,g8,7,1st,no
2654,g9,5,2nd,no
2655,g4,1,4th,no
2655,g6,6,2nd,no
2655,g8,6,2nd,no
2655,g9,7,1st,no
2656,g1,1,4th,no
2657,g7,5,2nd,no
2657,g8,3,4th,no
2657,g9,6,1st,no
2658,g3,5,2nd,no
2658,g7,5,2nd,no
2658,g8,6,1st,no
2658,g9,4,4th,no
2659,g4,0,4th,no
3783,g2,6,1st,no
3783,g4,5,2nd,no
3783,g6,5,2nd,no
3787,g1,2,4th,no
3790,g2,3,4th,no
3790,g6,7,1st,no
3790,g7,4,3rd,no
3793,g1,5,3rd,no
3793,g4,6,1st,no
3793,g6,3,4th,no
3793,g7,6,1st,no
3794,g2,5,3rd,no
3794,g4,3,4th,no
3794,g6,6,1st,no
3794,g7,6,1st,no
3795,g3,3,4th,no
3795,g4,5,2nd,no
3795,g6,4,3rd,no
3795,g7,8,1st,no
3797,g1,3,3rd,no
3800,g2,4,4th,no
3800,g6,5,1st,no
3800,g8,5,1st,no
3803,g1,4,3rd,no
3804,g4,8,1st,no
3804,g6,1,4th,no
3804,g8,5,3rd,no
3805,g3,4,3rd,no
3806,g2,5,2nd,no
3806,g7,4,3rd,no
3806,g8,4,3rd,no
3809,g1,6,2nd,no
3809,g4,2,4th,no
3809,g7,7,1st,no
3809,g8,4,3rd,no
3810,g2,5,2nd,no
3810,g4,3,4th,no
3810,g7,5,2nd,no
3810,g8,6,1st,no
3811,g3,5,1st,no
3811,g4,5,1st,no
3811,g7,5,1st,no
3811,g8,4,4th,no
3812,g1,3,4th,no
3812,g6,5,2nd,no
3812,g7,7,1st,no
3812,g8,4,3rd,no
3813,g2,4,3rd,no
3813,g6,6,1st,no
3813,g7,5,2nd,no
3813,g8,4,3rd,no
3814,g3,4,3rd,no
3814,g6,6,1st,no
3814,g7,5,2nd,no
3814,g8,4,3rd,no
3815,g4,4,4th,no
3817,g2,5,2nd,no
3817,g4,4,4th,no
3817,g9,5,2nd,no
3820,g1,3,4th,no
3824,g4,3,4th,no
3824,g6,4,3rd,no
3824,g9,5,2nd,no
3825,g3,7,1st,no
3825,g4,1,4th,no
3825,g6,5,3rd,no
3825,g9,6,2nd,no
3826,g1,4,3rd,no
3826,g2,5,2nd,no
3826,g7,4,3rd,no
3826,g9,6,1st,no
3829,g1,4,3rd,no
3829,g4,4,3rd,no
3829,g7,5,2nd,no
3829,g9,6,1st,no
3830,g2,4,4th,no
3830,g4,5,1st,no
3830,g7,5,1st,no
3830,g9,5,1st,no
3831,g3,4,2nd,no
3831,g4,4,2nd,no
3831,g7,7,1st,no
3831,g9,4,2nd,no
3832,g1,5,2nd,no
3832,g6,6,1st,no
3832,g7,4,3rd,no
3832,g9,4,3rd,no
3833,g2,2,4th,no
3834,g6,3,4th,no
3834,g7,5,2nd,no
3834,g9,5,2nd,no
3835,g4,4,3rd,no
3835,g6,3,4th,no
3835,g7,6,2nd,no
3835,g9,7,1st,no
3836,g1,3,4th,no
3839,g4,4,4th,no
3839,g8,5,1st,no
3839,g9,5,1st,no
3840,g2,3,3rd,no
3840,g4,3,3rd,no
3840,g8,6,2nd,no
3840,g9,7,1st,no
3841,g3,4,3rd,no
3841,g4,3,4th,no
3841,g8,5,2nd,no
3841,g9,7,1st,no
3842,g1,3,4th,no
3843,g6,4,3rd,no
3843,g8,6,1st,no
3843,g9,5,2nd,no
3844,g3,4,3rd,no
3844,g6,8,1st,no
3844,g8,3,4th,no
3844,g9,5,2nd,no
3845,g4,3,4th,no
3846,g7,6,1st,no
3846,g8,3,4th,no
3846,g9,4,3rd,no
3847,g2,5,2nd,no
3847,g7,6,1st,no
3847,g8,4,3rd,no
3847,g9,4,3rd,no
3848,g3,2,4th,no
3849,g7,7,1st,no
3849,g8,4,2nd,no
3849,g9,4,2nd,no
3850,g6,1,4th,no
3853,g2,4,3rd,no
3853,g4,8,1st,no
3853,g6,3,4th,no
3857,g1,3,4th,no
3863,g4,1,4th,no
3863,g6,6,2nd,no
3863,g7,7,1st,no
3864,g2,4,3rd,no
3865,g4,2,4th,no
3865,g6,5,3rd,no
3865,g7,6,1st,no
3867,g1,2,3rd,no
3867,g2,10,1st,no
3867,g4,1,4th,no
3867,g8,6,2nd,no
3870,g1,3,4th,no
3870,g2,5,2nd,no
3870,g6,5,2nd,no
3870,g8,6,1st,no
3873,g1,3,4th,no
3874,g4,5,2nd,no
3874,g6,3,4th,no
3874,g8,4,3rd,no
3875,g3,4,3rd,no
3875,g4,5,2nd,no
3875,g6,2,4th,no
3875,g8,8,1st,no
3876,g1,2,4th,no
3880,g4,2,4th,no
3880,g7,5,2nd,no
3880,g8,5,2nd,no
3881,g3,3,3rd,no
3881,g4,9,1st,no
3881,g7,6,2nd,no
3881,g8,1,4th,no
3882,g1,4,2nd,no
3884,g6,4,3rd,no
3884,g7,6,2nd,no
3884,g8,2,4th,no
3885,g4,3,4th,no
3887,g2,5,2nd,no
3887,g4,2,4th,no
3887,g9,7,1st,no
3890,g1,4,3rd,no
3890,g2,5,2nd,no
3890,g6,2,4th,no
3890,g9,8,1st,no
3893,g1,2,4th,no
3894,g4,3,4th,no
3894,g6,4,3rd,no
3894,g9,7,1st,no
3895,g3,5,2nd,no
3895,g4,5,2nd,no
3895,g6,3,4th,no
3895,g9,6,1st,no
3896,g1,3,3rd,no
3899,g4,5,2nd,no
3899,g7,3,4th,no
3899,g9,5,2nd,no
3900,g2,2,4th,no
3901,g4,4,4th,no
3901,g7,5,1st,no
3901,g9,5,1st,no
3902,g1,3,4th,no
3902,g6,4,3rd,no
3902,g7,6,1st,no
3902,g9,6,1st,no
3903,g2,2,3rd,no
3904,g6,2,4th,no
3904,g7,7,1st,no
3904,g9,6,2nd,no
3905,g4,3,3rd,no
3905,g6,3,3rd,no
3905,g7,7,1st,no
3905,g9,7,1st,no
3906,g1,3,4th,no
3906,g2,5,2nd,no
3906,g8,6,1st,no
3906,g9,5,2nd,no
3909,g1,3,4th,no
3909,g4,4,3rd,no
3909,g8,5,2nd,no
3909,g9,7,1st,no
3910,g2,4,3rd,no
3910,g4,6,1st,no
3910,g8,5,2nd,no
3910,g9,4,3rd,no
3911,g3,5,2nd,no
3911,g4,6,1st,no
3911,g8,3,4th,no
3911,g9,4,3rd,no
3912,g1,2,4th,no
3912,g6,4,3rd,no
3912,g8,5,2nd,no
3912,g9,9,1st,no
3913,g2,1,4th,no
3914,g6,3,4th,no
3914,g8,5,3rd,no
3914,g9,6,1st,no
3915,g4,4,2nd,no
3915,g6,4,2nd,no
3915,g8,4,2nd,no
3915,g9,8,1st,no
3916,g1,3,4th,no
3916,g7,6,1st,no
3916,g8,5,2nd,no
3916,g9,5,2nd,no
3917,g2,0,4th,no
3918,g7,3,3rd,no
3918,g8,3,3rd,no
3918,g9,7,1st,no
3919,g4,5,2nd,no
3919,g7,5,2nd,no
3919,g8,3,4th,no
3919,g9,7,1st,no
3920,g6,4,3rd,no
5047,g2,5,2nd,no
5047,g4,2,4th,no
5047,g7,7,1st,no
5050,g1,3,3rd,no
5050,g2,3,3rd,no
5050,g6,5,2nd,no
5050,g7,8,1st,no
5053,g1,4,3rd,no
5054,g4,2,4th,no
5054,g6,5,2nd,no
5054,g7,5,2nd,no
5055,g3,5,2nd,no
5055,g4,4,3rd,no
5055,g6,6,1st,no
5055,g7,4,3rd,no
5057,g1,4,2nd,no
5057,g2,7,1st,no
5057,g4,4,2nd,no
5057,g8,4,2nd,no
5060,g1,3,3rd,no
5063,g4,4,3rd,no
5063,g6,4,3rd,no
5063,g8,6,1st,no
5064,g2,4,3rd,no
5064,g4,6,1st,no
5064,g6,4,3rd,no
5064,g8,6,1st,no
5065,g3,4,3rd,no
5066,g2,2,4th,no
5066,g7,5,2nd,no
5066,g8,7,1st,no
5069,g1,5,1st,no
5069,g4,5,1st,no
5069,g7,5,1st,no
5069,g8,4,4th,no
5070,g2,3,4th,no
5070,g4,4,3rd,no
5070,g7,6,1st,no
5070,g8,6,1st,no
5071,g3,4,3rd,no
5071,g4,5,2nd,no
5071,g7,6,1st,no
5071,g8,4,3rd,no
5072,g1,4,3rd,no
5072,g6,5,2nd,no
5072,g7,6,1st,no
5072,g8,4,3rd,no
5073,g2,3,4th,no
5074,g6,5,3rd,no
5074,g7,6,1st,no
5074,g8,2,4th,no
5075,g4,5,2nd,no
5075,g6,4,3rd,no
5075,g7,6,1st,no
5075,g8,4,3rd,no
5077,g1,6,2nd,no
5077,g2,2,4th,no
5077,g4,4,3rd,no
5077,g9,7,1st,no
5080,g1,2,4th,no
5083,g4,4,4th,no
5083,g6,6,1st,no
5083,g9,5,2nd,no
5084,g2,5,2nd,no
5084,g4,4,3rd,no
5084,g6,6,1st,no
5084,g9,4,3rd,no
5085,g3,4,2nd,no
5085,g4,3,4th,no
5085,g6,4,2nd,no
5085,g9,8,1st,no
5086,g1,4,3rd,no
5086,g2,4,3rd,no
5086,g7,5,2nd,no
5086,g9,6,1st,no
5089,g1,1,4th,no
5090,g4,6,1st,no
5090,g7,4,3rd,no
5090,g9,4,3rd,no
5091,g3,5,3rd,no
5091,g4,1,4th,no
5091,g7,6,2nd,no
5091,g9,7,1st,no
5092,g1,5,1st,no
5092,g6,5,1st,no
5092,g7,4,4th,no
5092,g9,5,1st,no
5093,g2,3,4th,no
5094,g6,4,3rd,no
5094,g7,5,2nd,no
5094,g9,4,3rd,no
5095,g4,3,4th,no
5095,g6,5,2nd,no
5095,g7,7,1st,no
5095,g9,4,3rd,no
5096,g1,4,4th,no
5096,g2,5,1st,no
5096,g8,5,1st,no
5096,g9,5,1st,no
5099,g1,4,3rd,no
5099,g4,7,1st,no
5099,g8,3,4th,no
5099,g9,5,2nd,no
5100,g2,4,3rd,no
5101,g4,3,4th,no
5101,g8,5,2nd,no
5101,g9,5,2nd,no
5102,g1,4,4th,no
5102,g6,5,2nd,no
5102,g8,5,2nd,no
5102,g9,6,1st,no
5103,g2,2,4th,no
5105,g6,5,2nd,no
5105,g8,4,4th,no
5105,g9,6,1st,no
5106,g1,4,2nd,no
5107,g7,5,2nd,no
5107,g8,4,3rd,no
5107,g9,3,4th,no
5108,g3,5,2nd,no
5108,g7,7,1st,no
5108,g8,2,4th,no
5108,g9,5,2nd,no
5109,g4,3,4th,no
5110,g7,4,3rd,no
5110,g8,4,3rd,no
5110,g9,6,1st,no
5113,g1,6,1st,no
5113,g2,5,3rd,no
5113,g4,6,1st,no
5113,g6,3,4th,no
5117,g1,2,4th,no
5117,g2,4,3rd,no
5117,g4,6,2nd,no
5117,g7,7,1st,no
5120,g1,2,4th,no
5123,g4,4,3rd,no
5123,g6,4,3rd,no
5123,g7,6,1st,no
5124,g2,3,4th,no
5124,g4,5,2nd,no
5124,g6,4,3rd,no
5124,g7,7,1st,no
5125,g3,3,3rd,no
5125,g4,7,1st,no
5125,g6,2,4th,no
5125,g7,7,1st,no
5127,g1,4,3rd,no
5127,g2,5,2nd,no
5127,g4,4,3rd,no
5127,g8,6,1st,no
5130,g1,5,2nd,no
5130,g2,3,4th,no
5130,g6,5,2nd,no
5130,g8,6,1st,no
5133,g1,4,3rd,no
5135,g4,1,4th,no
5135,g6,3,3rd,no
5135,g8,7,2nd,no
5136,g1,2,4th,no
5139,g4,2,4th,no
5139,g7,7,1st,no
5139,g8,4,3rd,no
5140,g2,1,4th,no
5141,g4,4,4th,no
5141,g7,5,1st,no
5141,g8,5,1st,no
5142,g1,3,4th,no
5142,g6,5,2nd,no
5142,g7,7,1st,no
5142,g8,4,3rd,no
5143,g2,2,4th,no
5144,g6,3,4th,no
5144,g7,7,1st,no
5144,g8,4,3rd,no
5145,g4,4,2nd,no
5145,g6,4,2nd,no
5145,g7,8,1st,no
5145,g8,4,2nd,no
5147,g1,4,2nd,no
5147,g2,4,2nd,no
5147,g4,4,2nd,no
5147,g9,7,1st,no
5150,g1,5,2nd,no
5150,g2,4,3rd,no
5150,g6,3,4th,no
5150,g9,8,1st,no
5153,g1,3,3rd,no
5153,g4,7,1st,no
5153,g6,3,3rd,no
5153,g9,7,1st,no
5154,g2,3,4th,no
5155,g4,4,2nd,no
5155,g6,3,4th,no
5155,g9,8,1st,no
5156,g1,3,4th,no
5156,g2,5,2nd,no
5156,g7,5,2nd,no
5156,g9,6,1st,no
5159,g1,4,3rd,no
5159,g4,3,4th,no
5159,g7,5,2nd,no
5159,g9,7,1st,no
5160,g2,3,4th,no
5161,g4,3,4th,no
5161,g7,5,2nd,no
5161,g9,4,3rd,no
5162,g1,4,2nd,no
5162,g6,4,2nd,no
5162,g7,4,2nd,no
5162,g9,7,1st,no
5163,g2,5,2nd,no
5163,g6,3,4th,no
5163,g7,4,3rd,no
5163,g9,7,1st,no
5164,g3,3,4th,no
5164,g6,5,2nd,no
5164,g7,4,3rd,no
5164,g9,7,1st,no
5165,g4,3,3rd,no
5166,g2,3,4th,no
5166,g8,5,2nd,no
5166,g9,6,1st,no
5169,g1,4,3rd,no
5169,g4,7,2nd,no
5169,g8,1,4th,no
5169,g9,8,1st,no
5170,g2,2,4th,no
5171,g4,3,4th,no
5171,g8,5,2nd,no
5171,g9,7,1st,no
5172,g1,4,3rd,no
5172,g6,3,4th,no
5172,g8,5,2nd,no
5172,g9,8,1st,no
5173,g2,4,3rd,no
5173,g6,2,4th,no
5173,g8,5,2nd,no
5173,g9,8,1st,no
5174,g3,5,2nd,no
5174,g6,2,4th,no
5174,g8,4,3rd,no
5174,g9,8,1st,no
5175,g4,3,3rd,no
5175,g6,3,3rd,no
5175,g8,7,1st,no
5175,g9,6,2nd,no
5176,g1,2,4th,no
5177,g7,5,1st,no
5177,g8,5,1st,no
5177,g9,5,1st,no
5178,g3,4,3rd,no
5178,g7,4,3rd,no
5178,g8,6,1st,no
5178,g9,5,2nd,no
5179,g4,2,4th,no
5179,g7,7,1st,no
5179,g8,5,2nd,no
5179,g9,5,2nd,no
5180,g6,3,3rd,no
6303,g2,3,4th,no
6303,g4,6,1st,no
6303,g6,6,1st,no
6307,g1,3,4th,no
6307,g2,5,2nd,no
6307,g4,5,2nd,no
6307,g7,6,1st,no
6310,g1,4,3rd,no
6310,g2,7,1st,no
6310,g6,2,4th,no
6310,g7,6,2nd,no
6313,g1,4,3rd,no
6313,g4,5,2nd,no
6313,g6,4,3rd,no
6313,g7,6,1st,no
6314,g2,4,4th,no
6315,g4,3,4th,no
6315,g6,5,3rd,no
6315,g7,6,1st,no
6317,g1,3,4th,no
6317,g2,6,1st,no
6317,g4,5,2nd,no
6317,g8,5,2nd,no
6320,g1,2,4th,no
6320,g2,6,1st,no
6320,g6,5,3rd,no
6320,g8,6,1st,no
6323,g1,2,3rd,no
6323,g4,11,1st,no
6323,g6,4,2nd,no
6323,g8,2,3rd,no
6324,g2,3,4th,no
6325,g4,5,2nd,no
6325,g6,5,2nd,no
6325,g8,4,4th,no
6326,g1,3,4th,no
6329,g4,2,4th,no
6329,g7,6,1st,no
6329,g8,6,1st,no
6330,g2,6,1st,no
6331,g4,2,4th,no
6331,g7,6,2nd,no
6331,g8,3,3rd,no
6332,g1,1,3rd,no
6334,g6,4,2nd,no
6334,g7,4,2nd,no
6334,g8,4,2nd,no
6335,g4,5,2nd,no
6335,g6,6,1st,no
6335,g7,4,4th,no
6335,g8,5,2nd,no
6337,g1,2,4th,no
6340,g2,3,4th,no
6340,g6,4,3rd,no
6340,g9,5,2nd,no
6343,g1,3,4th,no
6344,g4,3,4th,no
6344,g6,4,3rd,no
6344,g9,6,1st,no
6345,g3,4,2nd,no
6346,g2,4,4th,no
6346,g7,5,1st,no
6346,g9,5,1st,no
6349,g1,3,4th,no
6350,g4,4,3rd,no
6350,g7,6,1st,no
6350,g9,3,4th,no
6351,g3,2,4th,no
6352,g6,3,4th,no
6352,g7,6,2nd,no
6352,g9,7,1st,no
6353,g2,4,3rd,no
6353,g6,4,3rd,no
6353,g7,5,2nd,no
6353,g9,6,1st,no
6354,g3,5,2nd,no
6354,g6,2,4th,no
6354,g7,7,1st,no
6354,g9,5,2nd,no
6355,g4,4,2nd,no
6355,g6,4,2nd,no
6355,g7,4,2nd,no
6355,g9,7,1st,no
6356,g1,5,1st,no
6356,g2,5,1st,no
6356,g8,5,1st,no
6356,g9,4,4th,no
6359,g1,4,3rd,no
6360,g4,5,1st,no
6360,g8,4,4th,no
6360,g9,5,1st,no
6361,g3,5,2nd,no
6361,g4,4,3rd,no
6361,g8,7,1st,no
6361,g9,3,4th,no
6362,g1,6,2nd,no
6362,g6,3,4th,no
6362,g8,4,3rd,no
6362,g9,7,1st,no
6363,g2,3,4th,no
6364,g6,7,1st,no
6364,g8,3,4th,no
6364,g9,4,3rd,no
6365,g4,5,3rd,no
6365,g6,6,1st,no
6365,g8,3,4th,no
6365,g9,6,1st,no
6366,g1,3,4th,no
6367,g7,5,2nd,no
6367,g8,4,3rd,no
6367,g9,3,4th,no
6368,g3,4,3rd,no
6368,g7,5,2nd,no
6368,g8,4,3rd,no
6368,g9,6,1st,no
6369,g4,5,2nd,no
6369,g7,5,2nd,no
6369,g8,4,4th,no
6369,g9,6,1st,no
6370,g6,5,2nd,no
6370,g7,7,1st,no
6370,g8,2,4th,no
6370,g9,5,2nd,no
6373,g1,5,2nd,no
6373,g2,7,1st,no
6373,g4,4,3rd,no
6373,g6,4,3rd,no
6377,g1,5,2nd,no
6377,g2,3,4th,no
6377,g4,4,3rd,no
6377,g7,7,1st,no
6380,g1,3,3rd,no
6380,g2,6,2nd,no
6380,g6,3,3rd,no
6380,g7,7,1st,no
6383,g1,4,4th,no
6384,g4,3,4th,no
6384,g6,4,3rd,no
6384,g7,7,1st,no
6385,g3,6,2nd,no
6385,g4,3,3rd,no
6385,g6,2,4th,no
6385,g7,8,1st,no
6387,g1,4,3rd,no
6387,g2,6,1st,no
6387,g4,3,4th,no
6387,g8,6,1st,no
6390,g1,3,3rd,no
6390,g2,3,3rd,no
6390,g6,4,2nd,no
6390,g8,9,1st,no
6393,g1,3,4th,no
6395,g4,2,4th,no
6395,g6,5,3rd,no
6395,g8,6,1st,no
6396,g1,1,4th,no
6400,g4,3,4th,no
6400,g7,5,2nd,no
6400,g8,6,1st,no
6401,g3,6,1st,no
6401,g4,2,4th,no
6401,g7,6,1st,no
6401,g8,5,3rd,no
6402,g1,4,3rd,no
6402,g6,6,1st,no
6402,g7,4,3rd,no
6402,g8,6,1st,no
6403,g2,2,4th,no
6405,g6,3,3rd,no
6405,g7,8,1st,no
6405,g8,1,4th,no
6407,g1,4,2nd,no
6407,g2,4,2nd,no
6407,g4,4,2nd,no
6407,g9,8,1st,no
6410,g1,4,3rd,no
6413,g4,2,4th,no
6413,g6,3,3rd,no
6413,g9,6,2nd,no
6414,g2,2,4th,no
6415,g4,4,3rd,no
6415,g6,2,4th,no
6415,g9,8,1st,no
6416,g1,2,4th,no
6416,g2,5,2nd,no
6416,g7,7,1st,no
6416,g9,5,2nd,no
6419,g1,3,3rd,no
6419,g4,5,2nd,no
6419,g7,8,1st,no
6419,g9,3,3rd,no
6420,g2,0,4th,no
6422,g6,4,3rd,no
6422,g7,3,4th,no
6422,g9,5,2nd,no
6423,g2,4,3rd,no
6424,g6,2,4th,no
6424,g7,7,1st,no
6424,g9,4,3rd,no
6425,g4,3,3rd,no
6425,g6,3,3rd,no
6425,g7,7,1st,no
6425,g9,6,2nd,no
6426,g1,4,3rd,no
6426,g2,3,4th,no
6426,g8,5,2nd,no
6426,g9,7,1st,no
6429,g1,3,3rd,no
6429,g4,3,3rd,no
6429,g8,7,1st,no
6429,g9,6,2nd,no
6430,g2,4,3rd,no
6431,g4,1,4th,no
6431,g8,7,1st,no
6431,g9,4,3rd,no
6432,g1,3,4th,no
6432,g6,4,2nd,no
6432,g8,4,2nd,no
6432,g9,8,1st,no
6433,g2,4,2nd,no
6433,g6,4,2nd,no
6433,g8,4,2nd,no
6433,g9,7,1st,no
6434,g3,4,3rd,no
6434,g6,4,3rd,no
6434,g8,6,1st,no
6434,g9,6,1st,no
6435,g4,3,3rd,no
6435,g6,3,3rd,no
6435,g8,6,2nd,no
6435,g9,8,1st,no
6436,g1,2,4th,no
6436,g7,7,1st,no
6436,g8,4,3rd,no
6436,g9,6,2nd,no
6437,g2,3,3rd,no
6438,g7,5,2nd,no
6438,g8,3,4th,no
6438,g9,6,1st,no
6439,g4,3,4th,no
6439,g7,6,2nd,no
6439,g8,4,3rd,no
6439,g9,7,1st,no
6440,g6,3,3rd,no
7563,g2,4,3rd,no
7563,g4,6,1st,no
7563,g6,5,2nd,no
7567,g1,4,3rd,no
7567,g2,3,4th,no
7567,g4,7,1st,no
7567,g7,5,2nd,no
7570,g1,5,2nd,no
7570,g2,4,3rd,no
7570,g6,6,1st,no
7570,g7,4,3rd,no
7573,g1,3,3rd,no
7573,g4,5,2nd,no
7573,g6,3,3rd,no
7573,g7,8,1st,no
7574,g2,3,4th,no
7575,g4,4,3rd,no
7575,g6,3,4th,no
7575,g7,8,1st,no
7577,g1,3,3rd,no
7577,g2,9,1st,no
7577,g4,3,3rd,no
7577,g8,4,2nd,no
7580,g1,4,4th,no
7580,g2,6,1st,no
7580,g6,5,2nd,no
7580,g8,5,2nd,no
7583,g1,3,4th,no
7584,g4,1,4th,no
7584,g6,4,3rd,no
7584,g8,8,1st,no
7585,g3,3,4th,no
7585,g4,4,3rd,no
7585,g6,5,2nd,no
7585,g8,7,1st,no
7586,g1,4,3rd,no
7586,g2,6,1st,no
7586,g7,6,1st,no
7586,g8,4,3rd,no
7589,g1,4,4th,no
7590,g4,1,4th,no
7590,g7,8,1st,no
7590,g8,4,3rd,no
7591,g3,5,2nd,no
7591,g4,8,1st,no
7591,g7,4,3rd,no
7591,g8,2,4th,no
7592,g1,5,2nd,no
7592,g6,4,3rd,no
7592,g7,7,1st,no
7592,g8,3,4th,no
7593,g2,4,3rd,no
7593,g6,3,4th,no
7593,g7,5,2nd,no
7593,g8,8,1st,no
7594,g3,4,3rd,no
7594,g6,7,1st,no
7594,g7,4,3rd,no
7594,g8,5,2nd,no
7595,g4,3,3rd,no
7595,g6,3,3rd,no
7595,g7,7,1st,no
7595,g8,7,1st,no
7597,g1,3,3rd,no
7597,g2,4,2nd,no
7597,g4,3,3rd,no
7597,g9,9,1st,no
7600,g1,4,3rd,no
7600,g2,6,1st,no
7600,g6,3,4th,no
7600,g9,6,1st,no
7603,g1,5,3rd,no
7603,g4,7,1st,no
7603,g6,2,4th,no
7603,g9,6,2nd,no
7604,g2,4,3rd,no
7604,g4,5,2nd,no
7604,g6,4,3rd,no
7604,g9,6,1st,no
7605,g3,4,4th,no
7605,g4,5,1st,no
7605,g6,5,1st,no
7605,g9,5,1st,no
7606,g1,2,4th,no
7609,g4,6,1st,no
7609,g7,5,2nd,no
7609,g9,5,2nd,no
7610,g2,3,4th,no
7611,g4,3,4th,no
7611,g7,4,3rd,no
7611,g9,7,1st,no
7612,g1,5,2nd,no
7612,g6,6,1st,no
7612,g7,3,4th,no
7612,g9,5,2nd,no
7613,g2,4,4th,no
7614,g6,4,2nd,no
7614,g7,4,2nd,no
7614,g9,3,4th,no
7615,g4,5,2nd,no
7615,g6,2,4th,no
7615,g7,5,2nd,no
7615,g9,8,1st,no
7616,g1,4,4th,no
7616,g2,5,1st,no
7616,g8,5,1st,no
7616,g9,5,1st,no
7619,g1,5,1st,no
7619,g4,5,1st,no
7619,g8,4,4th,no
7619,g9,5,1st,no
7620,g2,6,1st,no
7620,g4,3,4th,no
7620,g8,6,1st,no
7620,g9,4,3rd,no
7621,g3,6,1st,no
7621,g4,2,4th,no
7621,g8,5,3rd,no
7621,g9,6,1st,no
7622,g1,4,3rd,no
7623,g6,4,3rd,no
7623,g8,4,3rd,no
7623,g9,6,1st,no
7624,g3,5,2nd,no
7625,g6,4,4th,no
7625,g8,5,2nd,no
7625,g9,5,2nd,no
7626,g1,4,4th,no
7626,g7,5,1st,no
7626,g8,5,1st,no
7626,g9,5,1st,no
7627,g2,3,4th,no
7628,g7,5,2nd,no
7628,g8,5,2nd,no
7628,g9,4,4th,no
7629,g4,5,1st,no
7629,g7,4,4th,no
7629,g8,5,1st,no
7629,g9,5,1st,no
7630,g6,5,1st,no
7633,g2,5,2nd,no
7633,g4,3,4th,no
7633,g6,4,3rd,no
7637,g1,3,3rd,no
7637,g2,3,3rd,no
7637,g4,5,2nd,no
7637,g7,9,1st,no
7640,g1,1,4th,no
7643,g4,4,2nd,no
7643,g6,4,2nd,no
7643,g7,8,1st,no
7644,g2,3,3rd,no
7645,g4,6,1st,no
7645,g6,2,4th,no
7645,g7,6,1st,no
7647,g1,3,3rd,no
7647,g2,9,1st,no
7647,g4,2,4th,no
7647,g8,5,2nd,no
7650,g1,3,4th,no
7653,g4,4,3rd,no
7653,g6,4,3rd,no
7653,g8,5,2nd,no
7654,g2,5,2nd,no
7654,g4,5,2nd,no
7654,g6,3,4th,no
7654,g8,7,1st,no
7655,g3,4,3rd,no
7655,g4,6,2nd,no
7655,g6,3,4th,no
7655,g8,7,1st,no
7656,g1,3,3rd,no
7656,g2,3,3rd,no
7656,g7,8,1st,no
7656,g8,5,2nd,no
7659,g1,4,2nd,no
7659,g4,4,2nd,no
7659,g7,7,1st,no
7659,g8,4,2nd,no
7660,g2,4,3rd,no
7660,g4,4,3rd,no
7660,g7,6,1st,no
7660,g8,5,2nd,no
7661,g3,5,1st,no
7661,g4,5,1st,no
7661,g7,5,1st,no
7661,g8,4,4th,no
7662,g1,4,3rd,no
7662,g6,6,1st,no
7662,g7,6,1st,no
7662,g8,3,4th,no
7663,g2,2,3rd,no
7665,g6,4,3rd,no
7665,g7,4,3rd,no
7665,g8,5,2nd,no
7667,g1,4,3rd,no
7667,g2,6,1st,no
7667,g4,5,2nd,no
7667,g9,4,3rd,no
7670,g1,3,3rd,no
7673,g4,1,4th,no
7673,g6,3,3rd,no
7673,g9,8,1st,no
7674,g2,3,4th,no
7675,g4,2,4th,no
7675,g6,3,3rd,no
7675,g9,8,1st,no
7676,g1,3,4th,no
7676,g2,5,2nd,no
7676,g7,6,1st,no
7676,g9,5,2nd,no
7679,g1,2,4th,no
7680,g4,4,3rd,no
7680,g7,6,1st,no
7680,g9,3,4th,no
7681,g3,5,3rd,no
7681,g4,1,4th,no
7681,g7,7,1st,no
7681,g9,6,2nd,no
7682,g1,2,4th,no
7682,g6,3,3rd,no
7682,g7,10,1st,no
7682,g9,4,2nd,no
7683,g2,2,3rd,no
7684,g6,5,2nd,no
7684,g7,6,1st,no
7684,g9,4,3rd,no
7685,g4,0,4th,no
7686,g2,4,3rd,no
7686,g8,6,2nd,no
7686,g9,7,1st,no
7689,g1,2,4th,no
7689,g4,3,3rd,no
7689,g8,6,2nd,no
7689,g9,8,1st,no
7690,g2,3,3rd,no
7691,g4,3,4th,no
7691,g8,6,1st,no
7691,g9,6,1st,no
7692,g1,3,4th,no
7692,g6,5,2nd,no
7692,g8,5,2nd,no
7692,g9,6,1st,no
7693,g2,2,4th,no
7694,g6,4,2nd,no
7694,g8,4,2nd,no
7694,g9,4,2nd,no
7695,g4,3,4th,no
7695,g6,5,2nd,no
7695,g8,5,2nd,no
7695,g9,7,1st,no
7696,g1,2,4th,no
7696,g7,6,2nd,no
7696,g8,4,3rd,no
7696,g9,7,1st,no
7697,g2,2,4th,no
7698,g7,4,3rd,no
7698,g8,5,2nd,no
7698,g9,6,1st,no
7699,g4,2,4th,no
7699,g7,4,3rd,no
7699,g8,7,1st,no
7699,g9,6,2nd,no
7700,g6,2,4th,no
8830,g2,1,4th,no
8830,g6,6,2nd,no
8830,g7,4,3rd,no
8833,g1,2,4th,no
8834,g4,6,2nd,no
8834,g6,4,3rd,no
8834,g7,7,1st,no
8835,g3,2,4th,no
8837,g2,7,1st,no
8837,g4,5,2nd,no
8837,g8,3,4th,no
8840,g1,5,2nd,no
8843,g4,4,3rd,no
8843,g6,5,2nd,no
8843,g8,2,4th,no
8844,g2,6,2nd,no
8844,g4,3,4th,no
8844,g6,7,1st,no
8844,g8,4,3rd,no
8845,g3,4,3rd,no
8845,g4,2,4th,no
8845,g6,6,2nd,no
8845,g8,7,1st,no
8846,g1,5,1st,no
8846,g2,4,4th,no
8846,g7,5,1st,no
8846,g8,5,1st,no
8849,g1,2,4th,no
8850,g4,4,3rd,no
8850,g7,5,2nd,no
8850,g8,4,3rd,no
8851,g3,5,1st,no
8851,g4,4,4th,no
8851,g7,5,1st,no
8851,g8,5,1st,no
8852,g1,2,4th,no
8853,g6,4,3rd,no
8853,g7,5,2nd,no
8853,g8,6,1st,no
8854,g3,5,2nd,no
8854,g6,3,4th,no
8854,g7,6,1st,no
8854,g8,5,2nd,no
8855,g4,3,4th,no
8855,g6,6,1st,no
8855,g7,5,3rd,no
8855,g8,6,1st,no
8857,g1,2,4th,no
8857,g2,4,3rd,no
8857,g4,6,2nd,no
8857,g9,7,1st,no
8860,g1,1,4th,no
8863,g4,6,2nd,no
8863,g6,1,4th,no
8863,g9,9,1st,no
8864,g2,3,4th,no
8864,g4,4,3rd,no
8864,g6,6,1st,no
8864,g9,6,1st,no
8865,g3,4,3rd,no
8866,g2,2,4th,no
8866,g7,6,2nd,no
8866,g9,7,1st,no
8869,g1,3,3rd,no
8869,g4,3,3rd,no
8869,g7,7,1st,no
8869,g9,6,2nd,no
8870,g2,4,4th,no
8871,g4,4,3rd,no
8871,g7,5,2nd,no
8871,g9,4,3rd,no
8872,g1,2,4th,no
8872,g6,5,3rd,no
8872,g7,6,1st,no
8872,g9,6,1st,no
8873,g2,2,4th,no
8874,g6,3,4th,no
8874,g7,6,1st,no
8874,g9,4,3rd,no
8875,g4,5,2nd,no
8876,g2,1,4th,no
8876,g8,6,1st,no
8876,g9,6,1st,no
8879,g1,3,4th,no
8880,g4,5,3rd,no
8880,g8,6,1st,no
8880,g9,3,4th,no
8881,g3,6,1st,no
8881,g4,5,2nd,no
8881,g8,5,2nd,no
8881,g9,3,4th,no
8882,g1,2,4th,no
8884,g6,6,1st,no
8884,g8,4,3rd,no
8884,g9,4,3rd,no
8885,g4,2,4th,no
8886,g7,6,1st,no
8886,g8,5,2nd,no
8886,g9,4,3rd,no
8887,g2,3,4th,no
8888,g7,5,2nd,no
8888,g8,5,2nd,no
8888,g9,3,4th,no
8889,g4,5,1st,no
8890,g7,4,2nd,no
8890,g8,3,4th,no
8890,g9,4,2nd,no
8893,g1,4,2nd,no
8893,g2,8,1st,no
8893,g4,4,2nd,no
8893,g6,4,2nd,no
8897,g1,3,3rd,no
8900,g2,3,4th,no
8900,g6,4,3rd,no
8900,g7,7,1st,no
8903,g1,5,1st,no
8903,g4,5,1st,no
8903,g6,4,4th,no
8903,g7,5,1st,no
8904,g2,5,2nd,no
8904,g4,2,4th,no
8904,g6,5,2nd,no
8904,g7,7,1st,no
8905,g3,4,3rd,no
8905,g4,5,2nd,no
8905,g6,3,4th,no
8905,g7,7,1st,no
8907,g1,5,2nd,no
8907,g2,3,4th,no
8907,g4,5,2nd,no
8907,g8,6,1st,no
8910,g1,3,4th,no
8913,g4,3,4th,no
8913,g6,4,3rd,no
8913,g8,5,2nd,no
8914,g2,6,1st,no
8914,g4,4,3rd,no
8914,g6,4,3rd,yes
8914,g8,6,1st,no
8915,g3,5,2nd,no
8915,g4,7,1st,no
8915,g6,4,3rd,no
8915,g8,3,4th,no
8916,g1,4,3rd,no
8916,g2,4,3rd,no
8916,g7,5,2nd,no
8916,g8,6,1st,no
8919,g1,5,3rd,no
8919,g4,2,4th,no
8919,g7,6,1st,no
8919,g8,6,1st,no
8920,g2,4,2nd,no
8920,g4,3,3rd,no
8920,g7,9,1st,no
8920,g8,3,3rd,no
8921,g3,4,3rd,no
8921,g4,5,2nd,no
8921,g7,8,1st,no
8921,g8,2,4th,no
8922,g1,4,4th,no
8922,g6,5,1st,no
8922,g7,5,1st,no
8922,g8,5,1st,no
8923,g2,2,4th,no
8924,g6,3,3rd,no
8924,g7,9,1st,no
8924,g8,4,2nd,no
8925,g4,2,4th,no
8925,g6,3,3rd,no
8925,g7,8,1st,no
8925,g8,7,2nd,no
8927,g1,1,4th,no
8927,g2,5,2nd,no
8927,g4,5,2nd,no
8927,g9,8,1st,no
8930,g1,2,4th,no
8933,g4,3,4th,no
8933,g6,4,3rd,no
8933,g9,7,1st,no
8934,g2,3,4th,no
8935,g4,3,4th,no
8935,g6,5,2nd,no
8935,g9,5,2nd,no
8936,g1,2,4th,no
8940,g4,3,4th,no
8940,g7,5,2nd,no
8940,g9,5,2nd,no
8941,g3,3,3rd,no
8941,g4,2,4th,no
8941,g7,8,1st,no
8941,g9,6,2nd,no
8942,g1,4,2nd,no
8942,g6,4,2nd,no
8942,g7,7,1st,no
8942,g9,4,2nd,no
8943,g2,2,4th,no
8944,g6,3,4th,no
8944,g7,4,3rd,no
8944,g9,6,1st,no
8945,g4,4,3rd,no
8945,g6,3,4th,no
8945,g7,6,1st,no
8945,g9,6,1st,no
8946,g1,4,3rd,no
8946,g2,4,3rd,no
8946,g8,6,1st,no
8946,g9,5,2nd,no
8949,g1,5,2nd,no
8949,g4,4,4th,no
8949,g8,5,2nd,no
8949,g9,6,1st,no
8950,g2,4,2nd,no
8951,g4,4,3rd,no
8951,g8,5,2nd,no
8951,g9,4,3rd,no
8952,g1,2,4th,no
8952,g6,6,1st,no
8952,g8,6,1st,no
8952,g9,6,1st,no
8953,g2,2,4th,no
8953,g6,5,3rd,no
8953,g8,6,1st,no
8953,g9,6,1st,no
8954,g3,3,3rd,no
8954,g6,3,3rd,no
8954,g8,5,2nd,no
8954,g9,9,1st,no
8955,g4,3,3rd,no
8955,g6,3,3rd,no
8955,g8,6,2nd,no
8955,g9,8,1st,no
8956,g1,2,4th,no
8958,g7,5,2nd,no
8958,g8,4,3rd,no
8958,g9,4,3rd,no
8959,g4,2,4th,no
10083,g2,7,1st,no
10083,g4,4,3rd,no
10083,g6,5,2nd,no
10087,g1,4,3rd,no
10087,g2,6,1st,no
10087,g4,4,3rd,no
10087,g7,5,2nd,no
10090,g1,1,4th,no
10094,g4,2,4th,no
10094,g6,4,3rd,no
10094,g7,6,2nd,no
10095,g3,3,4th,no
10095,g4,5,3rd,no
10095,g6,6,1st,no
10095,g7,6,1st,no
10097,g1,3,3rd,no
10097,g2,2,4th,no
10097,g4,10,1st,no
10097,g8,4,2nd,no
10100,g1,2,4th,no
10100,g2,4,3rd,no
10100,g6,9,1st,no
10100,g8,5,2nd,no
10103,g1,2,4th,no
10104,g4,2,4th,no
10104,g6,5,2nd,no
10104,g8,4,3rd,no
10105,g3,4,3rd,no
10105,g4,5,2nd,no
10105,g6,4,3rd,no
10105,g8,6,1st,no
10106,g1,5,2nd,no
10106,g2,3,4th,no
10106,g7,5,2nd,no
10106,g8,6,1st,no
10109,g1,5,1st,no
10109,g4,5,1st,no
10109,g7,5,1st,no
10109,g8,4,4th,no
10110,g2,2,4th,no
10111,g4,6,1st,no
10111,g7,6,1st,no
10111,g8,3,4th,no
10112,g1,1,4th,no
10114,g6,4,3rd,no
10114,g7,5,2nd,no
10114,g8,2,4th,no
10115,g4,6,2nd,no
10115,g6,8,1st,no
10115,g7,4,3rd,no
10115,g8,2,4th,no
10117,g1,4,3rd,no
10117,g2,6,1st,no
10117,g4,3,4th,no
10117,g9,6,1st,no
10120,g1,1,4th,no
10123,g4,5,2nd,no
10123,g6,3,4th,no
10123,g9,6,1st,no
10124,g2,4,4th,no
10124,g4,5,2nd,no
10124,g6,5,2nd,no
10124,g9,6,1st,no
10125,g3,4,3rd,no
10125,g4,5,2nd,no
10125,g6,4,3rd,no
10125,g9,7,1st,no
10126,g1,3,3rd,no
10126,g2,6,2nd,no
10126,g7,7,1st,no
10126,g9,3,3rd,no
10129,g1,3,4th,no
10131,g4,2,4th,no
10131,g7,6,2nd,no
10131,g9,3,3rd,no
10132,g1,5,2nd,no
10132,g6,6,1st,no
10132,g7,5,2nd,no
10132,g9,3,4th,no
10133,g2,5,1st,no
10133,g6,5,1st,no
10133,g7,4,4th,no
10133,g9,5,1st,no
10134,g3,3,4th,no
10135,g6,4,3rd,no
10135,g7,4,3rd,no
10135,g9,5,2nd,no
10136,g1,3,4th,no
10136,g2,6,1st,no
10136,g8,5,2nd,no
10136,g9,5,2nd,no
10139,g1,3,4th,no
10139,g4,7,1st,no
10139,g8,4,3rd,no
10139,g9,5,2nd,no
10140,g2,4,3rd,no
10141,g4,3,4th,no
10141,g8,6,1st,no
10141,g9,4,3rd,no
10142,g1,3,4th,no
10142,g6,6,2nd,no
10142,g8,4,3rd,no
10142,g9,7,1st,no
10143,g2,1,4th,no
10144,g6,6,1st,no
10144,g8,6,1st,no
10144,g9,4,3rd,no
10145,g4,3,4th,no
10145,g6,6,1st,no
10145,g8,4,3rd,no
10145,g9,6,1st,no
10146,g1,4,3rd,no
10146,g7,6,1st,no
10146,g8,4,3rd,no
10146,g9,5,2nd,no
10147,g2,1,4th,no
10148,g7,6,1st,no
10148,g8,3,4th,no
10148,g9,6,1st,no
10149,g4,3,4th,no
10150,g7,3,4th,no
10150,g8,4,3rd,no
10150,g9,6,1st,no
10153,g1,5,2nd,no
10153,g2,8,1st,no
10153,g4,5,2nd,no
10153,g6,2,4th,no
10157,g1,1,4th,no
10160,g2,3,4th,no
10160,g6,5,2nd,no
10160,g7,6,1st,no
10163,g1,3,4th,no
10165,g4,3,4th,no
10165,g6,4,3rd,no
10165,g7,6,2nd,no
10167,g1,4,2nd,no
10167,g2,3,4th,no
10167,g4,4,2nd,no
10167,g8,8,1st,no
10170,g1,4,4th,no
10170,g2,5,2nd,no
10170,g6,5,2nd,no
10170,g8,6,1st,no
10173,g1,3,4th,no
10174,g4,4,3rd,no
10174,g6,4,3rd,no
10174,g8,6,1st,no
10175,g3,4,2nd,no
10175,g4,2,4th,no
10175,g6,3,3rd,no
10175,g8,10,1st,no
10176,g1,1,4th,no
10179,g4,4,3rd,no
10179,g7,7,1st,no
10179,g8,5,2nd,no
10180,g2,3,3rd,no
10181,g4,4,4th,no
10181,g7,5,1st,no
10181,g8,5,1st,no
10182,g1,6,1st,no
10182,g6,4,3rd,no
10182,g7,6,1st,no
10182,g8,3,4th,no
10183,g2,4,3rd,no
10183,g6,5,2nd,no
10183,g7,7,1st,no
10183,g8,3,4th,no
10184,g3,5,2nd,no
10184,g6,2,4th,no
10184,g7,8,1st,no
10184,g8,4,3rd,no
10185,g4,6,2nd,no
10185,g6,2,4th,no
10185,g7,9,1st,no
10185,g8,3,3rd,no
10187,g1,2,4th,no
10190,g2,4,3rd,no
10190,g6,4,3rd,no
10190,g9,6,1st,no
10193,g1,3,4th,no
10193,g4,6,2nd,no
10193,g6,4,3rd,no
10193,g9,7,1st,no
10194,g2,3,4th,no
10194,g4,5,2nd,no
10194,g6,5,2nd,no
10194,g9,6,1st,no
10195,g3,3,3rd,no
10195,g4,3,3rd,no
10195,g6,6,2nd,no
10195,g9,8,1st,no
10196,g1,1,4th,no
10199,g4,4,3rd,no
10199,g7,6,1st,no
10199,g9,5,2nd,no
10200,g2,4,3rd,no
10200,g4,4,3rd,no
10200,g7,6,1st,no
10200,g9,5,2nd,no
10201,g3,5,1st,no
10201,g4,5,1st,no
10201,g7,5,1st,no
10201,g9,4,4th,no
10202,g1,3,3rd,no
10203,g6,4,2nd,no
10203,g7,2,4th,no
10203,g9,4,2nd,no
10204,g3,7,1st,no
10204,g6,3,4th,no
10204,g7,5,2nd,no
10204,g9,4,3rd,no
10205,g4,4,3rd,no
10205,g6,3,4th,no
10205,g7,6,1st,no
10205,g9,6,1st,no
10206,g1,2,4th,no
10209,g4,2,4th,no
10209,g8,9,1st,no
10209,g9,4,2nd,no
10210,g2,5,2nd,no
10211,g4,1,4th,no
10211,g8,6,2nd,no
10211,g9,5,3rd,no
10212,g1,1,4th,no
10214,g6,5,2nd,no
10214,g8,4,4th,no
10214,g9,6,1st,no
10215,g4,5,3rd,no
10215,g6,2,4th,no
10215,g8,6,2nd,no
10215,g9,7,1st,no
10216,g1,2,4th,no
10217,g7,5,1st,no
10217,g8,4,4th,no
10217,g9,5,1st,no
10218,g3,4,3rd,no
10218,g7,4,3rd,no
10218,g8,6,1st,no
10218,g9,5,2nd,no
10219,g4,3,4th,no
10219,g7,6,1st,no
10219,g8,4,3rd,no
10219,g9,6,1st,no
10220,g6,2,4th,no
11347,g2,6,1st,no
11347,g4,3,4th,no
11347,g7,5,2nd,no
11350,g1,6,2nd,no
11350,g2,2,4th,no
11350,g6,4,3rd,no
11350,g7,7,1st,no
11353,g1,5,2nd,no
11353,g4,4,4th,no
11353,g6,6,1st,no
11353,g7,5,2nd,no
11354,g2,3,4th,no
11355,g4,2,4th,no
11355,g6,5,2nd,no
11355,g7,8,1st,no
11357,g1,3,4th,no
11357,g2,7,1st,no
11357,g4,5,2nd,no
11357,g8,4,3rd,no
11360,g1,4,4th,no
11360,g2,5,1st,no
11360,g6,5,1st,no
11360,g8,5,1st,no
11363,g1,5,3rd,no
11364,g4,5,2nd,no
11364,g6,4,3rd,no
11364,g8,3,4th,no
11365,g3,8,1st,no
11365,g4,4,2nd,no
11365,g6,4,2nd,no
11365,g8,4,2nd,no
11366,g1,4,3rd,no
11366,g2,3,4th,no
11366,g7,7,1st,no
11366,g8,5,2nd,no
11369,g1,3,4th,no
11369,g4,7,1st,no
11369,g7,5,2nd,no
11369,g8,4,3rd,no
11370,g2,4,3rd,no
11370,g4,4,3rd,no
11370,g7,5,2nd,no
11370,g8,6,1st,no
11371,g3,4,2nd,no
11371,g4,3,3rd,no
11371,g7,9,1st,no
11371,g8,3,3rd,no
11372,g1,4,3rd,no
11372,g6,8,1st,no
11372,g7,6,2nd,no
11372,g8,2,4th,no
11373,g2,1,4th,no
11373,g6,7,2nd,no
11373,g7,3,3rd,no
11373,g8,8,1st,no
11374,g3,2,4th,no
11374,g6,5,3rd,no
11374,g7,6,1st,no
11374,g8,6,1st,no
11375,g4,2,4th,no
11375,g6,7,1st,no
11375,g7,7,1st,no
11375,g8,3,3rd,no
11377,g1,2,4th,no
11380,g2,3,4th,no
11380,g6,5,2nd,no
11380,g9,7,1st,no
11383,g1,5,2nd,no
11383,g4,3,4th,no
11383,g6,5,2nd,no
11383,g9,6,1st,no
11384,g2,4,3rd,no
11384,g4,3,4th,no
11384,g6,7,1st,no
11384,g9,5,2nd,no
11385,g3,5,2nd,no
11385,g4,6,1st,no
11385,g6,4,4th,no
11385,g9,5,2nd,no
11386,g1,4,3rd,no
11389,g4,6,2nd,no
11389,g7,3,3rd,no
11389,g9,3,3rd,no
11390,g2,2,3rd,no
11391,g4,3,4th,no
11391,g7,5,2nd,no
11391,g9,5,2nd,no
11392,g1,4,2nd,no
11392,g6,4,2nd,no
11392,g7,7,1st,no
11392,g9,4,2nd,no
11393,g2,5,2nd,no
11393,g6,4,3rd,no
11393,g7,6,1st,no
11393,g9,4,3rd,no
11394,g3,3,4th,no
11395,g6,3,4th,no
11395,g7,5,2nd,no
11395,g9,5,2nd,no
11396,g1,2,4th,no
11399,g4,4,3rd,no
11399,g8,2,4th,no
11399,g9,7,1st,no
11400,g2,1,4th,no
11401,g4,6,1st,no
11401,g8,5,2nd,no
11401,g9,4,3rd,no
11402,g1,4,3rd,no
11402,g6,5,2nd,no
11402,g8,4,3rd,no
11402,g9,6,1st,no
11403,g2,3,4th,no
11403,g6,5,2nd,no
11403,g8,5,2nd,no
11403,g9,6,1st,no
11404,g3,4,4th,no
11404,g6,5,2nd,no
11404,g8,5,2nd,no
11404,g9,6,1st,no
11405,g4,4,3rd,no
11405,g6,3,4th,no
11405,g8,6,2nd,no
11405,g9,7,1st,no
11406,g1,3,4th,no
11406,g7,5,2nd,no
11406,g8,4,3rd,no
11406,g9,7,1st,no
11407,g2,3,4th,no
11407,g7,5,2nd,no
11407,g8,5,2nd,no
11407,g9,6,1st,no
11408,g3,3,3rd,no
11408,g7,7,1st,no
11408,g8,6,2nd,no
11408,g9,3,3rd,no
11409,g4,4,3rd,no
11409,g7,7,1st,no
11409,g8,5,2nd,no
11409,g9,3,4th,no
11410,g6,2,4th,no
11413,g2,6,1st,no
11413,g4,4,4th,no
11413,g6,5,2nd,no
11417,g1,2,4th,no
11420,g2,4,3rd,no
11420,g6,5,2nd,no
11420,g7,7,1st,no
11423,g1,4,3rd,no
11423,g4,6,1st,no
11423,g6,3,4th,no
11423,g7,6,1st,no
11424,g2,5,1st,no
11424,g4,4,4th,no
11424,g6,5,1st,no
11424,g7,5,1st,no
11425,g3,5,2nd,no
11425,g4,3,4th,no
11425,g6,4,3rd,no
11425,g7,7,1st,no
11427,g1,4,3rd,no
11427,g2,7,1st,no
11427,g4,5,2nd,no
11427,g8,3,4th,no
11430,g1,4,3rd,no
11433,g4,4,3rd,no
11433,g6,6,2nd,no
11433,g8,2,4th,no
11434,g2,5,2nd,no
11434,g4,4,3rd,no
11434,g6,3,4th,no
11434,g8,8,1st,no
11435,g3,4,3rd,no
11435,g4,6,2nd,no
11435,g6,2,4th,no
11435,g8,7,1st,no
11436,g1,3,4th,no
11436,g2,5,2nd,no
11436,g7,6,1st,no
11436,g8,5,2nd,no
11439,g1,4,3rd,no
11439,g4,2,4th,no
11439,g7,8,1st,no
11439,g8,5,2nd,no
11440,g2,3,4th,no
11440,g4,5,2nd,no
11440,g7,7,1st,no
11440,g8,4,3rd,no
11441,g3,4,3rd,no
11442,g6,3,3rd,no
11442,g7,6,1st,no
11442,g8,3,3rd,no
11443,g2,3,4th,no
11444,g6,4,4th,no
11444,g7,6,1st,no
11444,g8,5,2nd,no
11445,g4,4,3rd,no
11445,g6,6,1st,no
11445,g7,6,1st,no
11445,g8,4,3rd,no
11447,g1,3,4th,no
11447,g2,4,3rd,no
11447,g4,6,1st,no
11447,g9,6,1st,no
11450,g1,3,3rd,no
11450,g2,3,3rd,no
11450,g6,4,2nd,no
11450,g9,9,1st,no
11453,g1,4,3rd,no
11453,g4,5,2nd,no
11453,g6,3,4th,no
11453,g9,7,1st,no
11454,g2,3,3rd,no
11454,g4,7,1st,no
11454,g6,3,3rd,no
11454,g9,6,2nd,no
11455,g3,4,3rd,no
11455,g4,5,2nd,no
11455,g6,4,3rd,no
11455,g9,6,1st,no
11456,g1,2,4th,no
11460,g4,1,4th,no
11460,g7,6,1st,no
11460,g9,6,1st,no
11461,g3,5,2nd,no
11461,g4,3,4th,no
11461,g7,6,1st,no
11461,g9,5,2nd,no
11462,g1,5,1st,no
11462,g6,4,4th,no
11462,g7,5,1st,no
11462,g9,5,1st,no
11463,g2,3,4th,no
11464,g6,3,4th,no
11464,g7,4,3rd,no
11464,g9,6,1st,no
11465,g4,2,4th,no
11466,g2,4,2nd,no
11466,g8,4,2nd,no
11466,g9,8,1st,no
11469,g1,2,3rd,no
11469,g4,2,3rd,no
11469,g8,7,2nd,no
11469,g9,8,1st,no
11470,g2,3,4th,no
11470,g4,4,3rd,no
11470,g8,6,1st,no
11470,g9,5,2nd,no
11471,g3,5,2nd,no
11471,g4,2,4th,no
11471,g8,7,1st,no
11471,g9,5,2nd,no
11472,g1,4,3rd,no
11473,g6,4,3rd,no
11473,g8,7,1st,no
11473,g9,3,4th,no
11474,g3,5,2nd,no
11474,g6,3,4th,no
11474,g8,5,2nd,no
11474,g9,6,1st,no
11475,g4,2,4th,no
11476,g7,3,4th,no
11476,g8,8,1st,no
11476,g9,4,2nd,no
11477,g2,3,3rd,no
11477,g7,8,1st,no
11477,g8,3,3rd,no
11477,g9,5,2nd,no
11478,g3,4,3rd,no
11478,g7,6,1st,no
11478,g8,4,3rd,no
11478,g9,6,1st,no
11479,g4,1,4th,no
12603,g2,4,3rd,no
12603,g4,5,2nd,no
12603,g6,7,1st,no
12607,g1,4,3rd,no
12607,g2,6,1st,no
12607,g4,3,4th,no
12607,g7,6,1st,no
12610,g1,4,2nd,no
12610,g2,4,2nd,no
12610,g6,4,2nd,no
12610,g7,7,1st,no
12613,g1,5,3rd,no
12614,g4,3,4th,no
12614,g6,4,3rd,no
12614,g7,7,1st,no
12615,g3,3,4th,no
12617,g2,3,4th,no
12617,g4,4,3rd,no
12617,g8,7,1st,no
12620,g1,6,1st,no
12620,g2,4,4th,no
12620,g6,5,2nd,no
12620,g8,5,2nd,no
12623,g1,3,3rd,no
12624,g4,2,4th,no
12624,g6,6,1st,no
12624,g8,6,1st,no
12625,g3,5,1st,no
12625,g4,4,4th,no
12625,g6,5,1st,no
12625,g8,5,1st,no
12626,g1,4,3rd,no
12626,g2,4,3rd,no
12626,g7,6,1st,no
12626,g8,5,2nd,no
12629,g1,2,4th,no
12629,g4,6,2nd,no
12629,g7,7,1st,no
12629,g8,4,3rd,no
12630,g2,3,3rd,no
12630,g4,5,2nd,no
12630,g7,8,1st,no
12630,g8,3,3rd,no
12631,g3,4,2nd,no
12631,g4,4,2nd,no
12631,g7,9,1st,no
12631,g8,2,4th,no
12632,g1,2,4th,no
12633,g6,5,2nd,no
12633,g7,6,1st,no
12633,g8,4,3rd,no
12634,g3,4,3rd,no
12634,g6,3,4th,no
12634,g7,5,2nd,no
12634,g8,7,1st,no
12635,g4,3,4th,no
12637,g2,4,3rd,no
12637,g4,4,3rd,no
12637,g9,5,2nd,no
12640,g1,2,3rd,no
12643,g4,4,4th,no
12643,g6,5,2nd,no
12643,g9,5,2nd,no
12644,g2,3,3rd,no
12645,g4,5,2nd,no
12645,g6,2,4th,no
12645,g9,5,2nd,no
12646,g1,4,2nd,no
12646,g2,3,4th,no
12646,g7,4,2nd,no
12646,g9,8,1st,no
12649,g1,4,3rd,no
12649,g4,3,4th,no
12649,g7,6,1st,no
12649,g9,6,1st,no
12650,g2,3,3rd,no
12651,g4,4,3rd,no
12651,g7,5,2nd,no
12651,g9,3,4th,no
12652,g1,3,4th,no
12652,g6,6,1st,no
12652,g7,4,3rd,no
12652,g9,6,1st,no
12653,g2,3,4th,no
12653,g6,4,3rd,no
12653,g7,5,2nd,no
12653,g9,7,1st,no
12654,g3,4,4th,no
12654,g6,5,1st,no
12654,g7,5,1st,no
12654,g9,5,1st,no
12655,g4,5,1st,no
12655,g6,5,1st,no
12655,g7,4,4th,no
12655,g9,5,1st,no
12656,g1,4,2nd,no
12656,g2,3,4th,no
12656,g8,8,1st,no
12656,g9,4,2nd,no
12659,g1,5,2nd,no
12659,g4,3,4th,no
12659,g8,5,2nd,no
12659,g9,6,1st,no
12660,g2,2,4th,no
12661,g4,4,4th,no
12661,g8,5,1st,no
12661,g9,5,1st,no
12662,g1,5,2nd,no
12662,g6,5,2nd,no
12662,g8,6,1st,no
12662,g9,4,4th,no
12663,g2,4,3rd,no
12664,g6,2,4th,no
12664,g8,5,3rd,no
12664,g9,6,2nd,no
12665,g4,5,2nd,no
12665,g6,3,4th,no
12665,g8,7,1st,no
12665,g9,5,2nd,no
12666,g1,2,4th,no
12667,g7,5,1st,no
12667,g8,5,1st,no
12667,g9,5,1st,no
12668,g3,2,4th,no
12668,g7,7,1st,no
12668,g8,5,2nd,no
12668,g9,5,2nd,no
12669,g4,3,4th,no
12670,g7,5,2nd,no
12670,g8,4,4th,no
12670,g9,5,2nd,no
12673,g1,5,3rd,no
12673,g2,6,1st,no
12673,g4,6,1st,no
12673,g6,3,4th,no
12677,g1,3,4th,no
12677,g2,4,3rd,no
12677,g4,5,2nd,no
12677,g7,7,1st,no
12680,g1,1,4th,no
12683,g4,5,2nd,no
12683,g6,3,4th,no
12683,g7,7,1st,no
12684,g2,1,4th,no
12684,g4,7,1st,no
12684,g6,5,3rd,no
12684,g7,6,2nd,no
12685,g3,2,4th,no
12687,g2,4,3rd,no
12687,g4,5,2nd,no
12687,g8,6,1st,no
12690,g1,5,2nd,no
12690,g2,6,1st,no
12690,g6,5,2nd,no
12690,g8,3,4th,no
12693,g1,4,2nd,no
12693,g4,3,3rd,no
12693,g6,3,3rd,no
12693,g8,9,1st,no
12694,g2,5,2nd,no
12695,g4,2,4th,no
12695,g6,5,2nd,no
12695,g8,5,2nd,no
12696,g1,3,3rd,no
12696,g2,2,4th,no
12696,g7,8,1st,no
12696,g8,6,2nd,no
12699,g1,4,3rd,no
12699,g4,3,4th,no
12699,g7,5,2nd,no
12699,g8,7,1st,no
12700,g2,3,3rd,no
12701,g4,2,4th,no
12701,g7,6,1st,no
12701,g8,5,3rd,no
12702,g1,4,3rd,no
12702,g6,2,4th,no
12702,g7,5,2nd,no
12702,g8,8,1st,no
12703,g2,5,2nd,no
12703,g6,2,4th,no
12703,g7,8,1st,no
12703,g8,4,3rd,no
12704,g3,4,2nd,no
12704,g6,4,2nd,no
12704,g7,8,1st,no
12704,g8,4,2nd,no
12705,g4,4,3rd,no
12707,g2,5,2nd,no
12707,g4,4,4th,no
12707,g9,5,2nd,no
12710,g1,3,4th,no
12710,g2,5,2nd,no
12710,g6,4,3rd,no
12710,g9,7,1st,no
12713,g1,3,4th,no
12713,g4,4,2nd,no
12713,g6,4,2nd,no
12713,g9,9,1st,no
12714,g2,2,4th,no
12714,g4,6,2nd,no
12714,g6,3,3rd,no
12714,g9,8,1st,no
12715,g3,3,3rd,no
12716,g2,2,4th,no
12716,g7,5,3rd,no
12716,g9,6,1st,no
12719,g1,4,3rd,no
12719,g4,3,4th,no
12719,g7,7,1st,no
12719,g9,5,2nd,no
12720,g2,5,2nd,no
12721,g4,3,4th,no
12721,g7,4,2nd,no
12721,g9,4,2nd,no
12722,g1,6,1st,no
12722,g6,4,3rd,no
12722,g7,4,3rd,no
12722,g9,5,2nd,no
12723,g2,5,2nd,no
12723,g6,3,4th,no
12723,g7,5,2nd,no
12723,g9,6,1st,no
12724,g3,5,2nd,no
12724,g6,3,4th,no
12724,g7,7,1st,no
12724,g9,4,3rd,no
12725,g4,4,3rd,no
12725,g6,4,3rd,no
12725,g7,5,2nd,no
12725,g9,6,1st,no
12726,g1,3,3rd,no
12726,g2,3,3rd,no
12726,g8,6,2nd,no
12726,g9,7,1st,no
12729,g1,4,3rd,no
12729,g4,5,2nd,no
12729,g8,6,1st,no
12729,g9,4,3rd,no
12730,g2,3,3rd,no
12731,g4,4,4th,no
12731,g8,5,1st,no
12731,g9,5,1st,no
12732,g1,4,3rd,no
12733,g6,3,4th,no
12733,g8,4,3rd,no
12733,g9,7,1st,no
12734,g3,4,3rd,no
12735,g6,2,4th,no
12735,g8,6,2nd,no
12735,g9,5,3rd,no
12736,g1,3,4th,no
12736,g7,4,2nd,no
12736,g8,4,2nd,no
12736,g9,8,1st,no
12737,g2,2,4th,no
12738,g7,4,3rd,no
12738,g8,4,3rd,no
12738,g9,6,1st,no
12739,g4,2,4th,no
12739,g7,8,1st,no
12739,g8,3,3rd,no
12739,g9,6,2nd,no
12740,g6,3,4th,no
13863,g2,7,1st,no
13863,g4,4,3rd,no
13863,g6,4,3rd,no
13867,g1,4,4th,no
13870,g2,4,3rd,no
13870,g6,5,2nd,no
13870,g7,3,4th,no
13873,g1,4,2nd,no
13873,g4,7,1st,no
13873,g6,4,2nd,no
13873,g7,4,2nd,no
13874,g2,5,1st,no
13874,g4,5,1st,no
13874,g6,4,4th,no
13874,g7,5,1st,no
13875,g3,5,2nd,no
13875,g4,4,3rd,no
13875,g6,7,1st,no
13875,g7,4,3rd,no
13877,g1,3,4th,no
13877,g2,6,1st,no
13877,g4,6,1st,no
13877,g8,4,3rd,no
13880,g1,2,4th,no
13883,g4,5,2nd,no
13883,g6,5,2nd,no
13883,g8,3,4th,no
13884,g2,5,2nd,no
13885,g4,5,3rd,no
13885,g6,2,4th,no
13885,g8,7,1st,no
13886,g1,2,4th,no
13886,g2,3,3rd,no
13886,g7,9,1st,no
13886,g8,5,2nd,no
13889,g1,1,4th,no
13890,g4,6,1st,no
13890,g7,5,2nd,no
13890,g8,4,3rd,no
13891,g3,5,2nd,no
13891,g4,3,4th,no
13891,g7,7,1st,no
13891,g8,4,3rd,no
13892,g1,5,2nd,no
13892,g6,8,1st,no
13892,g7,3,3rd,no
13892,g8,3,3rd,no
13893,g2,3,4th,no
13894,g6,4,3rd,no
13894,g7,4,3rd,no
13894,g8,6,1st,no
13895,g4,5,3rd,no
13895,g6,7,1st,no
13895,g7,6,2nd,no
13895,g8,1,4th,no
13897,g1,2,4th,no
13900,g2,2,4th,no
13900,g6,5,2nd,no
13900,g9,7,1st,no
13903,g1,5,2nd,no
13903,g4,4,3rd,no
13903,g6,4,3rd,no
13903,g9,7,1st,no
13904,g2,4,4th,no
13904,g4,5,2nd,no
13904,g6,5,2nd,no
13904,g9,6,1st,no
13905,g3,2,4th,no
13905,g4,7,1st,no
13905,g6,5,2nd,no
13905,g9,5,2nd,no
13906,g1,3,4th,no
13909,g4,5,2nd,no
13909,g7,4,3rd,no
13909,g9,3,4th,no
13910,g2,4,2nd,no
13910,g4,4,2nd,no
13910,g7,7,1st,no
13910,g9,4,2nd,no
13911,g3,5,1st,no
13911,g4,5,1st,no
13911,g7,5,1st,no
13911,g9,4,4th,no
13912,g1,3,3rd,no
13912,g6,3,3rd,no
13912,g7,6,2nd,no
13912,g9,7,1st,no
13913,g2,3,4th,no
13914,g6,2,4th,no
13914,g7,6,2nd,no
13914,g9,4,3rd,no
13915,g4,4,3rd,no
13915,g6,3,4th,no
13915,g7,6,1st,no
13915,g9,6,1st,no
13916,g1,5,1st,no
13916,g2,4,4th,no
13916,g8,5,1st,no
13916,g9,5,1st,no
13919,g1,2,4th,no
13920,g4,3,4th,no
13920,g8,5,2nd,no
13920,g9,7,1st,no
13921,g3,4,3rd,no
13922,g6,5,1st,no
13922,g8,5,1st,no
13922,g9,5,1st,no
13923,g2,3,4th,no
13923,g6,5,2nd,no
13923,g8,5,2nd,no
13923,g9,7,1st,no
13924,g3,3,4th,no
13925,g6,6,2nd,no
13925,g8,1,4th,no
13925,g9,6,2nd,no
13926,g1,2,4th,no
13928,g7,7,1st,no
13928,g8,4,3rd,no
13928,g9,3,4th,no
13929,g4,3,4th,no
13930,g7,4,3rd,no
13930,g8,4,3rd,no
13930,g9,6,1st,no
13933,g1,4,3rd,no
13933,g2,7,1st,no
13933,g4,4,3rd,no
13933,g6,5,2nd,no
13937,g1,3,3rd,no
13937,g2,4,2nd,no
13937,g4,3,3rd,no
13937,g7,9,1st,no
13940,g1,4,2nd,no
13940,g2,4,2nd,no
13940,g6,3,4th,no
13940,g7,8,1st,no
13943,g1,3,4th,no
13944,g4,5,2nd,no
13944,g6,3,4th,no
13944,g7,7,1st,no
13945,g3,3,3rd,no
13947,g2,6,1st,no
13947,g4,3,4th,no
13947,g8,5,2nd,no
13950,g1,2,4th,no
13953,g4,5,1st,no
13953,g6,5,1st,no
13953,g8,4,4th,no
13954,g2,4,2nd,no
13955,g4,5,1st,no
13955,g6,4,4th,no
13955,g8,5,1st,no
13956,g1,3,3rd,no
13956,g2,1,4th,no
13956,g7,8,1st,no
13956,g8,7,2nd,no
13959,g1,2,4th,no
13961,g4,4,3rd,no
13961,g7,6,1st,no
13961,g8,3,4th,no
13962,g1,4,2nd,no
13962,g6,4,2nd,no
13962,g7,8,1st,no
13962,g8,3,4th,no
13963,g2,3,3rd,no
13964,g6,1,4th,no
13964,g7,4,3rd,no
13964,g8,8,1st,no
13965,g4,4,3rd,no
13965,g6,3,4th,no
13965,g7,6,1st,no
13965,g8,6,1st,no
13967,g1,3,3rd,no
13970,g2,3,4th,no
13970,g6,4,3rd,no
13970,g9,6,1st,no
13973,g1,3,3rd,no
13975,g4,3,3rd,no
13975,g6,3,3rd,no
13975,g9,6,2nd,no
13976,g1,4,3rd,no
13976,g2,4,3rd,no
13976,g7,5,2nd,no
13976,g9,6,1st,no
13979,g1,3,3rd,no
13981,g4,0,4th,no
13981,g7,4,3rd,no
13981,g9,8,1st,no
13982,g1,2,3rd,no
13983,g6,3,4th,no
13983,g7,8,1st,no
13983,g9,4,2nd,no
13984,g3,4,3rd,no
13984,g6,5,2nd,no
13984,g7,6,1st,no
13984,g9,4,3rd,no
13985,g4,2,4th,no
13985,g6,3,3rd,no
13985,g7,6,2nd,no
13985,g9,8,1st,no
13986,g1,3,4th,no
13989,g4,3,4th,no
13989,g8,4,3rd,no
13989,g9,6,1st,no
13990,g2,4,3rd,no
13991,g4,4,3rd,no
13991,g8,2,4th,no
13991,g9,7,1st,no
13992,g1,4,3rd,no
13992,g6,2,4th,no
13992,g8,5,2nd,no
13992,g9,9,1st,no
13993,g2,2,4th,no
13994,g6,4,3rd,no
13994,g8,2,4th,no
13994,g9,7,1st,no
13995,g4,5,2nd,no
13995,g6,3,4th,no
13995,g8,4,3rd,no
13995,g9,8,1st,no
13996,g1,3,3rd,no
13996,g7,5,2nd,no
13996,g8,7,1st,no
13996,g9,3,3rd,no
13997,g2,3,3rd,no
13998,g7,4,4th,no
13998,g8,5,1st,no
13998,g9,5,1st,no
13999,g4,3,4th,no
13999,g7,6,1st,no
13999,g8,4,3rd,no
13999,g9,6,1st,no
14000,g6,4,3rd,no
15127,g2,4,4th,no
15127,g4,5,2nd,no
15127,g7,6,1st,no
15130,g1,4,3rd,no
15130,g2,5,2nd,no
15130,g6,6,1st,no
15130,g7,4,3rd,no
15133,g1,5,2nd,no
15133,g4,6,1st,no
15133,g6,5,2nd,no
15133,g7,4,4th,no
15134,g2,5,2nd,no
15134,g4,9,1st,no
15134,g6,3,3rd,no
15134,g7,3,3rd,no
15135,g3,3,4th,no
15135,g4,4,3rd,no
15135,g6,5,2nd,no
15135,g7,8,1st,no
15137,g1,3,4th,no
15137,g2,5,2nd,no
15137,g4,6,1st,no
15137,g8,5,2nd,no
15140,g1,3,4th,no
15140,g2,7,1st,no
15140,g6,4,3rd,no
15140,g8,5,2nd,no
15143,g1,2,4th,no
15144,g4,2,4th,no
15144,g6,5,2nd,no
15144,g8,5,2nd,no
15145,g3,7,1st,no
15145,g4,5,2nd,no
15145,g6,4,3rd,no
15145,g8,3,4th,no
15146,g1,3,4th,no
15146,g2,6,1st,no
15146,g7,6,1st,no
15146,g8,4,3rd,no
15149,g1,3,4th,no
15149,g4,5,2nd,no
15149,g7,4,3rd,no
15149,g8,7,1st,no
15150,g2,3,4th,no
15151,g4,5,1st,no
15151,g7,4,4th,no
15151,g8,5,1st,no
15152,g1,5,2nd,no
15153,g6,4,3rd,no
15153,g7,5,2nd,no
15153,g8,1,4th,no
15154,g3,3,4th,no
15155,g6,4,3rd,no
15155,g7,9,1st,no
15155,g8,2,4th,no
15157,g1,4,3rd,no
15157,g2,2,4th,no
15157,g4,6,2nd,no
15157,g9,7,1st,no
15160,g1,5,2nd,no
15160,g2,4,4th,no
15160,g6,6,1st,no
15160,g9,5,2nd,no
15163,g1,5,2nd,no
15163,g4,3,4th,no
15163,g6,4,3rd,no
15163,g9,7,1st,no
15164,g2,5,3rd,no
15165,g4,5,2nd,no
15165,g6,3,4th,no
15165,g9,4,3rd,no
15166,g1,3,4th,no
15166,g2,4,3rd,no
15166,g7,6,1st,no
15166,g9,6,1st,no
15169,g1,3,4th,no
15169,g4,5,2nd,no
15169,g7,5,2nd,no
15169,g9,6,1st,no
15170,g2,4,3rd,no
15172,g6,5,2nd,no
15172,g7,4,3rd,no
15172,g9,3,4th,no
15173,g2,1,4th,no
15174,g6,6,1st,no
15174,g7,4,4th,no
15174,g9,5,2nd,no
15175,g4,4,2nd,no
15176,g2,3,4th,no
15176,g8,5,2nd,no
15176,g9,6,1st,no
15179,g1,3,4th,no
15179,g4,5,2nd,no
15179,g8,5,2nd,no
15179,g9,6,1st,no
15180,g2,3,4th,no
15180,g4,8,1st,no
15180,g8,4,2nd,no
15180,g9,4,2nd,no
15181,g3,4,3rd,no
15181,g4,5,2nd,no
15181,g8,6,1st,no
15181,g9,4,3rd,no
15182,g1,3,3rd,no
15182,g6,3,3rd,no
15182,g8,7,1st,no
15182,g9,6,2nd,no
15183,g2,2,4th,no
15184,g6,4,2nd,no
15184,g8,7,1st,no
15184,g9,4,2nd,no
15185,g4,3,3rd,no
15186,g7,6,1st,no
15186,g8,3,4th,no
15186,g9,5,3rd,no
15187,g2,3,4th,no
15189,g7,6,2nd,no
15189,g8,4,3rd,no
15189,g9,2,4th,no
15190,g6,4,2nd,no
15193,g2,4,3rd,no
15193,g4,3,4th,no
15193,g6,7,1st,no
15197,g1,3,4th,no
15200,g2,4,3rd,no
15200,g6,1,4th,no
15200,g7,9,1st,no
15203,g1,4,2nd,no
15204,g4,5,3rd,no
15204,g6,2,4th,no
15204,g7,6,2nd,no
15205,g3,6,1st,no
15205,g4,3,4th,no
15205,g6,4,3rd,no
15205,g7,6,1st,no
15207,g1,2,4th,no
15210,g2,2,4th,no
15210,g6,4,3rd,no
15210,g8,8,1st,no
15213,g1,3,3rd,no
15215,g4,3,3rd,no
15215,g6,4,2nd,no
15215,g8,2,4th,no
15216,g1,2,4th,no
15219,g4,1,4th,no
15219,g7,7,2nd,no
15219,g8,3,3rd,no
15220,g2,3,3rd,no
15221,g4,4,4th,no
15221,g7,5,1st,no
15221,g8,5,1st,no
15222,g1,3,3rd,no
15223,g6,4,3rd,no
15223,g7,4,3rd,no
15223,g8,6,1st,no
15224,g3,4,2nd,no
15224,g6,4,2nd,no
15224,g7,7,1st,no
15224,g8,4,2nd,no
15225,g4,5,2nd,no
15225,g6,4,3rd,no
15225,g7,7,1st,no
15225,g8,3,4th,no
15227,g1,5,3rd,no
15227,g2,6,1st,no
15227,g4,2,4th,no
15227,g9,6,1st,no
15230,g1,2,4th,no
15233,g4,7,1st,no
15233,g6,2,4th,no
15233,g9,6,2nd,no
15234,g2,5,2nd,no
15234,g4,7,1st,no
15234,g6,2,4th,no
15234,g9,5,2nd,no
15235,g3,4,3rd,no
15235,g4,5,2nd,no
15235,g6,4,3rd,no
15235,g9,6,1st,no
15236,g1,2,4th,no
15236,g2,4,3rd,no
15236,g7,7,1st,no
15236,g9,6,2nd,no
15239,g1,1,4th,no
15240,g4,3,4th,no
15240,g7,6,1st,no
15240,g9,5,2nd,no
15241,g3,6,2nd,no
15241,g4,1,4th,no
15241,g7,7,1st,no
15241,g9,5,3rd,no
15242,g1,5,2nd,no
15242,g6,3,4th,no
15242,g7,5,2nd,no
15242,g9,6,1st,no
15243,g2,5,2nd,no
15244,g6,3,4th,no
15244,g7,5,2nd,no
15244,g9,4,3rd,no
15245,g4,3,3rd,no
15245,g6,2,4th,no
15245,g7,6,2nd,no
15245,g9,9,1st,no
15246,g1,2,4th,no
15246,g2,4,3rd,no
15246,g8,8,1st,no
15246,g9,5,2nd,no
15249,g1,2,4th,no
15251,g4,1,4th,no
15251,g8,5,3rd,no
15251,g9,7,1st,no
15252,g1,3,4th,no
15253,g6,3,4th,no
15253,g8,4,3rd,no
15253,g9,7,1st,no
15254,g3,6,2nd,no
15254,g6,2,4th,no
15254,g8,5,3rd,no
15254,g9,7,1st,no
15255,g4,4,3rd,no
15255,g6,2,4th,no
15255,g8,6,2nd,no
15255,g9,8,1st,no
15256,g1,2,4th,no
15256,g7,7,1st,no
15256,g8,4,3rd,no
15256,g9,6,2nd,no
15257,g2,0,4th,no
15258,g7,5,2nd,no
15258,g8,3,4th,no
15258,g9,7,1st,no
15259,g4,4,4th,no
15259,g7,5,1st,no
15259,g8,5,1st,no
15259,g9,5,1st,no
15260,g6,2,4th,no
16387,g2,5,1st,no
16387,g4,5,1st,no
16387,g7,4,4th,no
16390,g1,4,3rd,no
16390,g2,6,1st,no
16390,g6,5,2nd,no
16390,g7,4,3rd,no
16393,g1,2,4th,no
16394,g4,1,4th,no
16394,g6,7,1st,no
16394,g7,7,1st,no
16395,g3,4,3rd,no
16397,g2,3,4th,no
16397,g4,5,2nd,no
16397,g8,6,1st,no
16400,g1,3,4th,no
16403,g4,4,4th,no
16403,g6,5,1st,no
16403,g8,5,1st,no
16404,g2,4,3rd,no
16404,g4,4,3rd,no
16404,g6,7,1st,no
16404,g8,5,2nd,no
16405,g3,4,3rd,no
16405,g4,2,4th,no
16405,g6,7,1st,no
16405,g8,6,2nd,no
16406,g1,2,4th,no
16409,g4,3,3rd,no
16409,g7,8,1st,no
16409,g8,3,3rd,no
16410,g2,6,1st,no
16410,g4,3,4th,no
16410,g7,5,2nd,no
16410,g8,5,2nd,no
16411,g3,4,2nd,no
16411,g4,3,3rd,no
16411,g7,9,1st,no
16411,g8,3,3rd,no
16412,g1,5,2nd,no
16412,g6,3,4th,no
16412,g7,4,3rd,no
16412,g8,8,1st,no
16413,g2,4,3rd,no
16413,g6,6,1st,no
16413,g7,4,3rd,no
16413,g8,5,2nd,no
16414,g3,4,3rd,no
16414,g6,2,4th,no
16414,g7,5,2nd,no
16414,g8,8,1st,no
16415,g4,3,4th,no
16415,g6,6,1st,no
16415,g7,6,1st,no
16415,g8,5,3rd,no
16417,g1,3,3rd,no
16417,g2,6,2nd,no
16417,g4,3,3rd,no
16417,g9,7,1st,no
16420,g1,4,2nd,no
16420,g2,4,2nd,no
16420,g6,7,1st,no
16420,g9,4,2nd,no
16423,g1,5,2nd,no
16423,g4,6,1st,no
16423,g6,4,4th,no
16423,g9,5,2nd,no
16424,g2,3,4th,no
16425,g4,6,1st,no
16425,g6,3,4th,no
16425,g9,5,3rd,no
16426,g1,3,4th,no
16429,g4,3,4th,no
16429,g7,6,2nd,no
16429,g9,4,3rd,no
16430,g2,5,3rd,no
16430,g4,2,4th,no
16430,g7,6,1st,no
16430,g9,6,1st,no
16431,g3,6,1st,no
16431,g4,2,4th,no
16431,g7,5,3rd,no
16431,g9,6,1st,no
16432,g1,5,2nd,no
16432,g6,4,3rd,no
16432,g7,4,3rd,no
16432,g9,6,1st,no
16433,g2,6,1st,no
16433,g6,4,3rd,no
16433,g7,4,3rd,no
16433,g9,6,1st,no
16434,g3,5,2nd,no
16434,g6,4,3rd,no
16434,g7,4,3rd,no
16434,g9,6,1st,no
16435,g4,4,3rd,no
16435,g6,6,1st,no
16435,g7,3,4th,no
16435,g9,6,1st,no
16436,g1,1,4th,no
16440,g4,6,1st,no
16440,g8,5,2nd,no
16440,g9,3,4th,no
16441,g3,5,2nd,no
16441,g4,6,1st,no
16441,g8,3,4th,no
16441,g9,5,2nd,no
16442,g1,5,2nd,no
16442,g6,4,4th,no
16442,g8,6,1st,no
16442,g9,5,2nd,no
16443,g2,2,4th,no
16444,g6,4,2nd,no
16444,g8,4,2nd,no
16444,g9,3,4th,no
16445,g4,3,4th,no
16445,g6,6,2nd,no
16445,g8,4,3rd,no
16445,g9,7,1st,no
16446,g1,3,4th,no
16446,g7,7,1st,no
16446,g8,4,3rd,no
16446,g9,5,2nd,no
16447,g2,2,4th,no
16448,g7,5,2nd,no
16448,g8,5,2nd,no
16448,g9,3,4th,no
16449,g4,6,1st,no
16449,g7,4,3rd,no
16449,g8,4,3rd,no
16449,g9,6,1st,no
16450,g6,4,3rd,no
16450,g7,4,3rd,no
16450,g8,6,1st,no
16450,g9,5,2nd,no
16453,g1,3,4th,no
16457,g2,4,2nd,no
16457,g4,3,4th,no
16457,g7,8,1st,no
16460,g1,1,4th,no
16463,g4,3,4th,no
16463,g6,4,3rd,no
16463,g7,7,1st,no
16464,g2,5,2nd,no
16465,g4,2,4th,no
16465,g6,4,3rd,no
16465,g7,6,2nd,no
16467,g1,2,4th,no
16473,g4,2,4th,no
16473,g6,4,3rd,no
16473,g8,5,2nd,no
16474,g2,5,2nd,no
16474,g4,8,1st,no
16474,g6,3,4th,no
16474,g8,4,3rd,no
16475,g3,4,3rd,no
16475,g4,6,1st,no
16475,g6,4,3rd,no
16475,g8,5,2nd,no
16476,g1,5,2nd,no
16476,g2,7,1st,no
16476,g7,5,2nd,no
16476,g8,2,4th,no
16479,g1,5,2nd,no
16479,g4,5,2nd,no
16479,g7,6,1st,no
16479,g8,3,4th,no
16480,g2,5,1st,no
16480,g4,5,1st,no
16480,g7,5,1st,no
16480,g8,5,1st,no
16481,g3,5,2nd,no
16481,g4,5,2nd,no
16481,g7,8,1st,no
16481,g8,1,4th,no
16482,g1,3,4th,no
16483,g6,4,3rd,no
16483,g7,4,3rd,no
16483,g8,6,1st,no
16484,g3,3,3rd,no
16484,g6,2,4th,no
16484,g7,9,1st,no
16484,g8,5,2nd,no
16485,g4,4,2nd,no
16485,g6,4,2nd,no
16485,g7,7,1st,no
16485,g8,4,2nd,no
16487,g1,2,4th,no
16490,g2,3,4th,no
16490,g6,4,3rd,no
16490,g9,7,1st,no
16493,g1,5,1st,no
16493,g4,5,1st,no
16493,g6,4,4th,no
16493,g9,5,1st,no
16494,g2,4,2nd,no
16494,g4,4,2nd,no
16494,g6,4,2nd,no
16494,g9,7,1st,no
16495,g3,5,2nd,no
16495,g4,4,3rd,no
16495,g6,4,3rd,no
16495,g9,7,1st,no
16496,g1,2,4th,no
16499,g4,6,1st,no
16499,g7,5,2nd,no
16499,g9,4,3rd,no
16500,g2,4,3rd,no
16500,g4,0,4th,no
16500,g7,8,1st,no
16500,g9,7,2nd,no
16501,g3,4,4th,no
16501,g4,5,1st,no
16501,g7,5,1st,no
16501,g9,5,1st,no
16502,g1,4,3rd,no
16502,g6,4,3rd,no
16502,g7,6,1st,no
16502,g9,5,2nd,no
16503,g2,1,4th,no
16504,g6,1,4th,no
16504,g7,5,3rd,no
16504,g9,6,2nd,no
16505,g4,5,2nd,no
16505,g6,3,4th,no
16505,g7,5,2nd,no
16505,g9,6,1st,no
16506,g1,5,1st,no
16506,g2,4,4th,no
16506,g8,5,1st,no
16506,g9,5,1st,no
16509,g1,5,2nd,no
16509,g4,2,4th,no
16509,g8,7,1st,no
16509,g9,5,2nd,no
16510,g2,3,4th,no
16511,g4,3,4th,no
16511,g8,5,2nd,no
16511,g9,6,1st,no
16512,g1,6,1st,no
16512,g6,4,3rd,no
16512,g8,3,4th,no
16512,g9,6,1st,no
16513,g2,3,3rd,no
16513,g6,3,3rd,no
16513,g8,8,1st,no
16513,g9,5,2nd,no
16514,g3,3,4th,no
16515,g6,5,2nd,no
16515,g8,3,4th,no
16515,g9,7,1st,no
16516,g1,5,2nd,no
16516,g7,5,2nd,no
16516,g8,3,4th,no
16516,g9,6,1st,no
16517,g2,1,4th,no
16518,g7,9,1st,no
16518,g8,0,4th,no
16518,g9,6,2nd,no
16519,g4,3,3rd,no
16519,g7,7,1st,no
16519,g8,2,4th,no
16519,g9,7,1st,no
16520,g6,3,4th,no
13881,g3,5,3rd,no
13881,g1,5,2nd,no
13881,g6,6,1st,no
10108,g3,3,4th,no
10108,g2,3,3rd,no
10108,g8,6,2nd,no
10108,g7,7,1st,no
6406,g1,2,4th,no
6406,g2,4,3rd,no
6406,g3,5,2nd,no
6406,g9,6,1st,no
10107,g3,3,4th,no
10107,g8,4,3rd,no
10107,g7,5,2nd,no
10107,g1,7,1st,no
10101,g3,4,4th,no
10101,g1,4,3rd,no
10101,g8,5,2nd,no
10101,g6,6,1st,no
10102,g3,3,4th,no
8867,g1,4,3rd,no
8867,g9,5,2nd,no
8867,g7,6,1st,no
11382,g2,4,4th,no
11382,g9,4,3rd,no
11382,g3,5,2nd,no
11382,g6,6,1st,no
15206,g3,0,4th,no
15206,g2,0,3rd,no
15206,g1,0,2nd,no
15206,g8,0,1st,no
8862,g2,2,4th,no
8861,g9,4,3rd,no
8861,g1,5,2nd,no
8861,g6,6,1st,no
11388,g2,2,4th,no
15208,g3,4,3rd,no
15208,g1,6,2nd,no
15208,g8,6,1st,no
8868,g2,4,4th,no
8868,g9,4,3rd,no
8868,g7,5,2nd,no
8868,g3,6,1st,no
16421,g3,3,4th,no
16421,g1,4,3rd,no
16421,g6,5,2nd,no
16421,g9,7,1st,no
3856,g1,3,4th,no
3856,g3,4,3rd,no
3856,g2,6,2nd,no
3856,g7,7,1st,no
3854,g6,0,4th,no
3854,g4,0,3rd,no
3854,g1,1,2nd,no
3854,g3,2,1st,no
3855,g6,0,4th,no
3855,g4,0,3rd,no
3855,g2,0,2nd,no
3855,g3,2,1st,no
3852,g2,3,4th,no
3852,g6,4,3rd,no
3852,g1,4,2nd,no
3852,g3,5,1st,no
8908,g8,1,4th,no
8908,g4,4,3rd,no
8908,g1,5,2nd,no
8908,g3,8,1st,no
3851,g4,0,4th,no
3851,g2,0,3rd,no
3851,g1,0,2nd,no
3851,g3,1,1st,no
8906,g1,3,4th,no
8906,g8,4,3rd,no
8906,g2,5,2nd,no
8906,g3,7,1st,no
8901,g6,4,4th,no
8901,g3,4,3rd,no
8901,g1,5,2nd,no
8901,g7,6,1st,no
3858,g4,2,4th,no
3858,g1,2,3rd,no
3858,g7,6,2nd,no
3858,g3,9,1st,no
3859,g2,2,4th,no
12706,g1,4,3rd,no
12706,g9,5,2nd,no
12706,g3,5,1st,no
12709,g4,1,4th,no
12709,g2,5,3rd,no
12709,g3,6,2nd,no
12709,g9,7,1st,no
12708,g4,1,4th,no
12708,g1,1,3rd,no
12708,g3,8,2nd,no
12708,g9,8,1st,no
16478,g3,2,4th,no
16478,g2,4,3rd,no
16478,g7,5,2nd,no
16478,g8,7,1st,no
10208,g2,2,4th,no
10197,g3,4,3rd,no
10197,g9,5,2nd,no
10197,g7,7,1st,no
10192,g6,3,4th,no
16491,g3,4,3rd,no
16491,g1,5,2nd,no
16491,g9,7,1st,no
16492,g6,3,4th,no
16492,g2,4,3rd,no
16492,g9,5,2nd,no
16492,g3,7,1st,no
6386,g8,3,4th,no
6386,g1,4,3rd,no
6386,g3,5,2nd,no
6386,g2,5,1st,no
6381,g1,2,4th,no
6381,g6,3,3rd,no
6381,g7,7,2nd,no
6381,g3,7,1st,no
6382,g6,3,4th,no
6382,g2,3,3rd,no
6382,g3,4,2nd,no
6382,g7,9,1st,no
2738,g1,0,4th,no
6389,g3,0,3rd,no
6389,g2,0,2nd,no
6389,g8,0,1st,no
6388,g4,3,4th,no
2542,g2,3,3rd,no
2542,g3,6,2nd,no
2542,g8,8,1st,no
2541,g3,3,4th,no
2541,g6,5,3rd,no
2541,g1,5,2nd,no
2541,g8,6,1st,no
7639,g4,2,4th,no
7639,g2,2,3rd,no
7639,g3,4,2nd,no
7639,g7,9,1st,no
2547,g8,3,4th,no
2547,g1,4,3rd,no
2547,g3,5,2nd,no
2547,g7,7,1st,no
7632,g6,1,4th,no
7632,g1,5,3rd,no
7632,g2,6,2nd,no
7632,g3,7,1st,no
2548,g2,2,4th,no
2548,g7,5,3rd,no
2548,g3,6,2nd,no
2548,g8,6,1st,no
7636,g2,3,4th,no
7636,g1,4,3rd,no
7636,g7,6,2nd,no
7636,g3,6,1st,no
13948,g4,1,4th,no
7634,g4,4,3rd,no
7634,g3,4,2nd,no
7634,g1,7,1st,no
7635,g4,3,4th,no
7635,g6,4,3rd,no
7635,g2,5,2nd,no
7635,g3,7,1st,no
16381,g1,2,4th,no
16385,g2,4,3rd,no
16385,g4,6,2nd,no
16385,g6,7,1st,no
11446,g2,1,4th,no
11446,g9,5,3rd,no
11446,g1,5,2nd,no
11446,g3,6,1st,no
16386,g2,2,4th,no
16386,g1,3,3rd,no
16386,g7,6,2nd,no
16386,g3,8,1st,no
16389,g4,3,4th,no
11449,g4,5,3rd,no
11449,g3,5,2nd,no
11449,g9,5,1st,no
11448,g4,2,4th,no
16419,g2,4,3rd,no
16419,g9,4,2nd,no
16419,g4,7,1st,no
13907,g3,4,4th,no
13907,g1,4,3rd,no
13907,g7,5,2nd,no
13907,g9,6,1st,no
1339,g4,3,4th,no
1339,g2,3,3rd,no
1339,g7,6,2nd,no
1339,g3,7,1st,no
1338,g4,2,4th,no
1338,g7,5,3rd,no
1338,g3,6,2nd,no
1338,g1,6,1st,no
13869,g2,2,4th,no
13869,g7,4,3rd,no
13869,g4,5,2nd,no
13869,g3,7,1st,no
11381,g3,2,4th,no
11381,g9,5,3rd,no
11381,g1,5,2nd,no
11381,g6,7,1st,no
1335,g6,3,4th,no
1335,g2,3,3rd,no
1335,g4,5,2nd,no
1335,g3,8,1st,no
1334,g6,4,4th,no
1334,g4,4,3rd,no
1334,g3,5,2nd,no
1334,g1,6,1st,no
13865,g2,3,4th,no
13865,g6,5,3rd,no
13865,g3,5,2nd,no
13865,g4,6,1st,no
1336,g3,3,4th,no
1336,g1,4,3rd,no
1336,g2,5,2nd,no
1336,g7,6,1st,no
1331,g4,2,4th,no
1331,g1,4,3rd,no
1331,g2,5,2nd,no
1331,g3,7,1st,no
13862,g1,2,4th,no
13862,g3,4,3rd,no
13862,g6,6,2nd,no
13862,g2,7,1st,no
13861,g4,2,4th,no
13861,g2,5,3rd,no
13861,g3,6,2nd,no
13861,g1,6,1st,no
1332,g6,0,4th,no
1332,g2,0,3rd,no
1332,g3,1,2nd,no
1332,g1,2,1st,no
16407,g7,4,4th,no
16407,g1,4,3rd,no
16407,g3,5,2nd,no
16407,g8,6,1st,no
108,g1,1,4th,no
108,g4,2,3rd,no
108,g3,3,2nd,no
108,g9,6,1st,no
109,g4,0,4th,no
109,g3,0,3rd,no
109,g2,0,2nd,no
109,g9,0,1st,no
13958,g3,4,4th,no
13958,g2,4,3rd,no
13958,g8,4,2nd,no
13958,g7,8,1st,no
16401,g1,4,4th,no
16401,g8,4,3rd,no
16401,g3,5,2nd,no
16401,g6,6,1st,no
7618,g3,3,4th,no
7618,g2,4,3rd,no
7618,g8,4,2nd,no
7618,g9,7,1st,no
106,g3,4,4th,no
106,g1,4,3rd,no
106,g9,6,2nd,no
106,g2,6,1st,no
16408,g3,4,4th,no
16408,g8,4,3rd,no
16408,g7,5,2nd,no
16408,g2,6,1st,no
16418,g4,3,4th,no
16418,g1,3,3rd,no
16418,g9,4,2nd,no
16418,g3,8,1st,no
39,g2,2,4th,no
39,g4,3,3rd,no
39,g3,7,2nd,no
39,g9,7,1st,no
38,g4,3,4th,no
38,g3,5,3rd,no
38,g9,5,2nd,no
38,g1,5,1st,no
8829,g4,4,4th,no
8829,g2,4,3rd,no
8829,g7,5,2nd,no
8829,g3,6,1st,no
11387,g7,4,4th,no
11387,g9,4,3rd,no
11387,g1,5,2nd,no
11387,g3,6,1st,no
36,g1,2,4th,no
36,g9,6,3rd,no
36,g3,6,2nd,no
36,g2,6,1st,no
6378,g4,2,4th,no
6378,g1,4,3rd,no
6378,g3,6,2nd,no
6378,g7,7,1st,no
6379,g4,3,4th,no
6379,g3,4,3rd,no
6379,g2,6,2nd,no
6379,g7,7,1st,no
13957,g8,3,4th,no
13957,g3,4,3rd,no
13957,g7,6,2nd,no
13957,g1,6,1st,no
15138,g8,4,4th,no
15138,g4,5,3rd,no
15138,g3,5,2nd,no
15138,g1,5,1st,no
6371,g4,0,4th,no
6371,g2,0,3rd,no
6371,g1,0,2nd,no
6371,g3,1,1st,no
6372,g6,0,4th,no
6372,g3,0,3rd,no
6372,g2,0,2nd,no
6372,g1,0,1st,no
6374,g1,1,4th,no
6374,g4,2,3rd,no
6374,g6,3,2nd,no
6374,g3,4,1st,no
6375,g6,3,4th,no
6375,g4,4,3rd,no
6375,g3,6,2nd,no
6375,g2,6,1st,no
6376,g2,1,4th,no
6376,g1,4,3rd,no
6376,g3,5,2nd,no
6376,g7,7,1st,no
2617,g1,3,4th,no
15121,g1,3,3rd,no
15121,g4,6,2nd,no
15121,g3,7,1st,no
2612,g6,3,4th,no
2612,g2,3,3rd,no
2612,g3,4,2nd,no
2612,g8,8,1st,no
2611,g1,2,4th,no
15209,g2,3,3rd,no
15209,g3,5,2nd,no
15209,g8,8,1st,no
3807,g1,2,4th,no
3807,g3,4,3rd,no
3807,g8,5,2nd,no
3807,g7,7,1st,no
3801,g6,3,4th,no
3801,g8,3,3rd,no
3801,g3,6,2nd,no
3801,g1,7,1st,no
2736,g1,3,4th,no
2618,g8,4,3rd,no
2618,g3,6,2nd,no
2618,g7,7,1st,no
11344,g6,3,4th,no
11344,g4,4,3rd,no
11344,g3,6,2nd,no
11344,g1,6,1st,no
11345,g2,3,4th,no
11345,g6,4,3rd,no
11345,g4,6,2nd,no
11345,g3,6,1st,no
11346,g2,4,4th,no
11346,g1,4,3rd,no
11346,g7,5,2nd,no
11346,g3,6,1st,no
3868,g4,2,4th,no
3868,g1,4,3rd,no
3868,g8,6,2nd,no
3868,g3,7,1st,no
11341,g1,3,4th,no
11341,g4,5,3rd,no
11341,g3,5,2nd,no
11341,g2,5,1st,no
11342,g1,3,4th,no
11342,g6,5,3rd,no
11342,g3,5,2nd,no
11342,g2,6,1st,no
5138,g2,2,4th,no
5137,g8,4,3rd,no
5137,g1,5,2nd,no
5137,g7,6,1st,no
11348,g1,3,4th,no
11348,g4,4,3rd,no
11348,g3,5,2nd,no
11348,g7,7,1st,no
5132,g6,0,4th,no
5132,g2,0,3rd,no
5132,g8,0,2nd,no
5132,g3,2,1st,no
5131,g6,0,4th,no
5131,g1,0,3rd,no
5131,g8,0,2nd,no
5131,g3,1,1st,no
2731,g4,0,4th,no
2731,g2,0,3rd,no
2731,g1,0,2nd,no
2731,g3,3,1st,no
15248,g8,2,4th,no
15248,g9,4,3rd,no
15248,g2,5,2nd,no
15248,g3,8,1st,no
2732,g1,0,4th,no
8947,g8,4,3rd,no
8947,g3,6,2nd,no
8947,g9,7,1st,no
8948,g8,2,4th,no
8948,g2,5,3rd,no
8948,g3,6,2nd,no
8948,g9,6,1st,no
10168,g8,2,4th,no
10168,g4,5,3rd,no
10168,g3,5,2nd,no
10168,g1,5,1st,no
15247,g3,3,4th,no
15247,g1,5,3rd,no
15247,g8,5,2nd,no
15247,g9,6,1st,no
8911,g6,0,4th,no
8911,g3,0,3rd,no
8911,g1,0,2nd,no
8911,g8,0,1st,no
3898,g2,2,4th,no
6,g1,4,3rd,no
6,g7,5,2nd,no
6,g3,7,1st,no
3892,g6,3,4th,no
3892,g2,4,3rd,no
3892,g3,6,2nd,no
3892,g9,6,1st,no
8909,g2,4,4th,no
8909,g8,4,3rd,no
8909,g4,5,2nd,no
8909,g3,7,1st,no
3891,g6,3,4th,no
3891,g1,3,3rd,no
3891,g3,6,2nd,no
3891,g9,7,1st,no
3897,g3,4,4th,no
2631,g1,3,3rd,no
2631,g3,6,2nd,no
2631,g9,6,1st,no
3866,g1,2,4th,no
3866,g3,4,3rd,no
3866,g8,5,2nd,no
3866,g2,7,1st,no
12622,g3,3,4th,no
12622,g2,4,3rd,no
12622,g8,5,2nd,no
12622,g6,7,1st,no
98,g2,3,4th,no
6427,g1,4,3rd,no
6427,g8,5,2nd,no
6427,g9,6,1st,no
12627,g3,3,4th,no
12627,g1,5,3rd,no
12627,g8,5,2nd,no
12627,g7,6,1st,no
91,g6,3,4th,no
91,g8,4,3rd,no
91,g1,5,2nd,no
91,g3,6,1st,no
13988,g3,4,4th,no
13988,g8,4,3rd,no
13988,g9,5,2nd,no
13988,g2,6,1st,no
12628,g2,3,4th,no
12628,g3,4,3rd,no
12628,g7,6,2nd,no
12628,g8,6,1st,no
92,g6,4,4th,no
92,g2,5,3rd,no
92,g8,5,2nd,no
92,g3,6,1st,no
97,g1,3,4th,no
97,g3,4,3rd,no
97,g8,4,2nd,no
97,g7,7,1st,no
10092,g2,3,4th,no
10092,g3,4,3rd,no
10092,g7,6,2nd,no
10092,g6,6,1st,no
10091,g6,4,4th,no
10091,g1,4,3rd,no
10091,g7,5,2nd,no
10091,g3,5,1st,no
2637,g1,3,4th,no
2637,g7,4,3rd,no
2637,g3,5,2nd,no
2637,g9,5,1st,no
10096,g1,2,4th,no
10096,g8,3,3rd,no
10096,g3,6,2nd,no
10096,g2,8,1st,no
13882,g6,3,4th,no
13882,g2,4,3rd,no
13882,g8,5,2nd,no
13882,g3,7,1st,no
10099,g3,2,4th,no
10099,g4,4,3rd,no
10099,g2,5,2nd,no
10099,g8,8,1st,no
8898,g4,2,4th,no
8898,g1,4,3rd,no
8898,g7,6,2nd,no
8898,g3,7,1st,no
13888,g2,2,4th,no
13888,g3,3,3rd,no
13888,g7,7,2nd,no
13888,g8,7,1st,no
8937,g1,2,4th,no
8937,g3,3,3rd,no
8937,g7,5,2nd,no
8937,g9,7,1st,no
8839,g2,3,4th,no
8839,g4,5,3rd,no
8839,g3,5,2nd,no
8839,g8,5,1st,no
8838,g8,2,4th,no
8932,g2,4,3rd,no
8932,g9,5,2nd,no
8932,g3,6,1st,no
8896,g1,2,4th,no
8896,g2,3,3rd,no
8896,g7,5,2nd,no
8896,g3,5,1st,no
8836,g3,4,4th,no
8836,g2,4,3rd,no
8836,g1,4,2nd,no
8836,g8,7,1st,no
8831,g7,4,4th,no
8831,g1,4,3rd,no
8831,g6,5,2nd,no
8831,g3,6,1st,no
8895,g6,2,4th,no
8895,g3,3,3rd,no
8895,g4,5,2nd,no
8895,g2,7,1st,no
8832,g6,3,4th,no
8832,g7,5,3rd,no
8832,g3,5,2nd,no
8832,g2,6,1st,no
15142,g3,3,4th,no
15142,g2,3,3rd,no
15142,g6,5,2nd,no
15142,g8,8,1st,no
13987,g1,4,4th,no
13987,g3,5,3rd,no
13987,g9,5,2nd,no
13987,g8,5,1st,no
15147,g1,4,4th,no
6428,g9,4,3rd,no
6428,g8,4,2nd,no
6428,g3,7,1st,no
15148,g3,3,4th,no
15148,g8,4,3rd,no
15148,g7,5,2nd,no
15148,g2,7,1st,no
11356,g2,3,4th,no
15232,g6,4,3rd,no
15232,g3,6,2nd,no
15232,g9,6,1st,no
7678,g9,3,4th,no
7678,g2,4,3rd,no
7678,g7,6,2nd,no
7678,g3,6,1st,no
7677,g1,1,4th,no
7677,g9,3,3rd,no
7677,g3,6,2nd,no
7677,g7,7,1st,no
237,g7,0,4th,no
237,g1,0,3rd,no
237,g8,0,2nd,no
237,g3,1,1st,no
7672,g6,3,4th,no
7672,g3,4,3rd,no
7672,g2,5,2nd,no
7672,g9,6,1st,no
231,g8,0,4th,no
7671,g1,3,3rd,no
7671,g9,6,2nd,no
7671,g3,8,1st,no
12697,g1,3,4th,no
12697,g8,4,3rd,no
12697,g7,5,2nd,no
12697,g3,5,1st,no
12692,g6,3,4th,no
12692,g3,4,3rd,no
12692,g2,6,2nd,no
12692,g8,7,1st,no
12691,g6,2,4th,no
5149,g4,4,3rd,no
5149,g3,5,2nd,no
5149,g9,7,1st,no
12698,g2,2,4th,no
12698,g3,4,3rd,no
12698,g8,5,2nd,no
12698,g7,8,1st,no
1,g4,3,4th,no
1,g2,4,3rd,no
1,g3,6,2nd,no
1,g1,6,1st,no
16422,g2,3,4th,no
16422,g6,4,3rd,no
16422,g3,5,2nd,no
16422,g9,7,1st,no
16396,g3,3,4th,no
1271,g1,3,3rd,no
1271,g6,5,2nd,no
1271,g7,8,1st,no
1272,g2,2,4th,no
1272,g6,4,3rd,no
1272,g7,6,2nd,no
1272,g3,7,1st,no
10158,g1,3,4th,no
13931,g4,4,3rd,no
13931,g2,5,2nd,no
13931,g3,6,1st,no
1287,g8,3,4th,no
1287,g7,4,3rd,no
1287,g3,5,2nd,no
1287,g1,7,1st,no
11457,g3,3,4th,no
11457,g1,3,3rd,no
11457,g7,6,2nd,no
11457,g9,6,1st,no
1281,g6,3,4th,no
1281,g3,4,3rd,no
1281,g1,4,2nd,no
1281,g8,8,1st,no
1282,g3,2,4th,no
1282,g2,5,3rd,no
1282,g6,6,2nd,no
1282,g8,6,1st,no
1288,g7,3,4th,no
2538,g3,4,3rd,no
2538,g4,5,2nd,no
2538,g8,7,1st,no
2539,g3,3,4th,no
1474,g4,0,3rd,no
1474,g3,0,2nd,no
1474,g1,0,1st,no
1475,g6,0,4th,no
1475,g4,0,3rd,no
1475,g2,0,2nd,no
1475,g3,2,1st,no
2532,g6,3,4th,no
2532,g3,3,3rd,no
2532,g7,5,2nd,no
2532,g2,7,1st,no
1478,g4,4,4th,no
2531,g1,4,3rd,no
2531,g3,5,2nd,no
2531,g7,6,1st,no
2536,g2,3,4th,no
1348,g4,4,3rd,no
1348,g3,6,2nd,no
1348,g8,7,1st,no
1307,g1,2,4th,no
1307,g9,3,3rd,no
1307,g7,5,2nd,no
1307,g3,9,1st,no
1301,g1,2,4th,no
1301,g9,5,3rd,no
1301,g6,6,2nd,no
1301,g3,6,1st,no
1302,g2,3,4th,no
1302,g3,4,3rd,no
1302,g6,5,2nd,no
1302,g9,7,1st,no
1349,g4,0,4th,no
1349,g3,0,3rd,no
1349,g2,0,2nd,no
1349,g8,0,1st,no
2718,g3,16,4th,no
5078,g3,5,3rd,no
5078,g1,5,2nd,no
5078,g9,6,1st,no
5079,g4,4,4th,no
5079,g2,4,3rd,no
5079,g9,5,2nd,no
5079,g3,6,1st,no
13939,g2,3,4th,no
13939,g4,4,3rd,no
13939,g3,4,2nd,no
13939,g7,9,1st,no
13938,g4,2,4th,no
13938,g1,4,3rd,no
13938,g7,5,2nd,no
13938,g3,8,1st,no
13935,g6,0,4th,no
13935,g4,0,3rd,no
13935,g2,0,2nd,no
13935,g3,1,1st,no
13934,g4,3,4th,no
13934,g1,3,3rd,no
13934,g3,6,2nd,no
13934,g6,7,1st,no
13936,g3,3,4th,no
13936,g1,3,3rd,no
13936,g2,4,2nd,no
13936,g7,8,1st,no
5076,g2,2,4th,no
5076,g1,5,3rd,no
5076,g9,6,2nd,no
5076,g3,6,1st,no
13932,g2,3,4th,no
27,g7,5,3rd,no
27,g3,5,2nd,no
27,g8,5,1st,no
3799,g4,3,4th,no
3799,g8,4,3rd,no
3799,g3,5,2nd,no
3799,g2,7,1st,no
21,g6,4,4th,no
21,g1,4,3rd,no
21,g8,5,2nd,no
21,g3,6,1st,no
22,g2,1,4th,no
22,g3,3,3rd,no
22,g8,4,2nd,no
22,g6,11,1st,no
7598,g4,2,4th,no
7598,g3,5,3rd,no
7598,g1,5,2nd,no
7598,g9,6,1st,no
7596,g3,4,4th,no
7596,g9,5,3rd,no
7596,g2,5,2nd,no
7596,g1,5,1st,no
3796,g3,3,4th,no
3796,g2,5,3rd,no
3796,g1,5,2nd,no
3796,g8,5,1st,no
3791,g1,4,4th,no
3791,g7,5,3rd,no
3791,g6,5,2nd,no
3791,g3,5,1st,no
3792,g6,2,4th,no
3792,g3,4,3rd,no
3792,g2,6,2nd,no
3792,g7,7,1st,no
1371,g6,2,4th,no
1371,g1,3,3rd,no
1371,g9,6,2nd,no
1371,g3,7,1st,no
11352,g7,4,4th,no
11352,g6,4,3rd,no
11352,g3,5,2nd,no
11352,g2,6,1st,no
1372,g6,1,4th,no
1372,g2,3,3rd,no
1372,g3,7,2nd,no
1372,g9,8,1st,no
6322,g8,2,4th,no
6322,g3,5,3rd,no
6322,g6,6,2nd,no
6322,g2,6,1st,no
1377,g1,2,4th,no
1377,g3,3,3rd,no
1377,g7,6,2nd,no
1377,g9,7,1st,no
13871,g1,2,4th,no
13871,g7,5,3rd,no
13871,g3,5,2nd,no
13871,g6,7,1st,no
1378,g2,3,4th,no
1378,g7,5,3rd,no
1378,g3,5,2nd,no
1378,g9,6,1st,no
13872,g3,3,4th,no
13872,g2,4,3rd,no
13872,g6,5,2nd,no
13872,g7,7,1st,no
408,g3,0,4th,no
408,g2,0,3rd,no
408,g9,0,2nd,no
408,g8,0,1st,no
3837,g3,3,4th,no
3837,g1,4,3rd,no
3837,g9,6,2nd,no
3837,g8,6,1st,no
15228,g4,2,4th,no
6327,g1,5,3rd,no
6327,g7,6,2nd,no
6327,g8,6,1st,no
3838,g2,2,4th,no
13876,g1,3,3rd,no
13876,g3,5,2nd,no
13876,g2,9,1st,no
10118,g1,3,4th,no
10118,g3,4,3rd,no
10118,g9,5,2nd,no
10118,g4,7,1st,no
10119,g2,3,4th,no
10119,g3,4,3rd,no
10119,g4,5,2nd,no
10119,g9,8,1st,no
10116,g2,3,4th,no
8858,g1,4,3rd,no
8858,g9,5,2nd,no
8858,g3,7,1st,no
15217,g1,2,4th,no
15217,g3,4,3rd,no
15217,g7,6,2nd,no
15217,g8,7,1st,no
11379,g4,2,4th,no
11379,g3,5,3rd,no
11379,g9,5,2nd,no
11379,g2,6,1st,no
11378,g3,4,4th,no
11378,g4,5,3rd,no
11378,g9,5,2nd,no
11378,g1,5,1st,no
8877,g1,3,4th,no
8877,g8,4,3rd,no
8877,g3,5,2nd,no
8877,g9,7,1st,no
15211,g6,0,4th,no
15211,g3,0,3rd,no
15211,g1,0,2nd,no
15211,g8,0,1st,no
8878,g2,4,4th,no
8878,g9,4,3rd,no
8878,g3,5,2nd,no
8878,g8,6,1st,no
11376,g1,2,4th,no
11376,g9,4,3rd,no
11376,g2,6,2nd,no
11376,g3,7,1st,no
15218,g2,2,4th,no
7588,g2,4,3rd,no
7588,g8,5,2nd,no
7588,g7,6,1st,no
377,g7,0,4th,no
377,g3,0,3rd,no
377,g1,0,2nd,no
377,g8,0,1st,no
1278,g1,1,4th,no
1278,g8,3,3rd,no
1278,g4,6,2nd,no
1278,g3,9,1st,no
13949,g2,1,4th,no
13949,g3,5,3rd,no
13949,g4,6,2nd,no
13949,g8,7,1st,no
12712,g6,2,4th,no
88,g4,4,3rd,no
88,g3,6,2nd,no
88,g8,6,1st,no
89,g4,3,4th,no
12717,g7,4,3rd,no
12717,g1,4,2nd,no
12717,g9,8,1st,no
12638,g4,3,4th,no
12638,g3,5,3rd,no
12638,g9,5,2nd,no
12638,g1,6,1st,no
82,g6,3,4th,no
82,g2,3,3rd,no
82,g7,5,2nd,no
82,g3,8,1st,no
12718,g9,3,4th,no
12718,g2,4,3rd,no
12718,g3,5,2nd,no
12718,g7,7,1st,no
81,g1,3,4th,no
81,g6,4,3rd,no
81,g3,5,2nd,no
81,g7,7,1st,no
86,g2,4,4th,no
86,g1,5,3rd,no
86,g8,5,2nd,no
86,g3,6,1st,no
7687,g1,3,4th,no
12658,g2,4,3rd,no
12658,g8,4,2nd,no
12658,g9,7,1st,no
12657,g3,3,4th,no
13942,g7,5,3rd,no
13942,g3,5,2nd,no
13942,g2,6,1st,no
16488,g4,2,4th,no
16488,g1,3,3rd,no
16488,g3,5,2nd,no
16488,g9,8,1st,no
16489,g4,4,4th,no
16489,g3,5,3rd,no
16489,g2,5,2nd,no
16489,g9,5,1st,no
16486,g3,3,4th,no
15132,g6,4,3rd,no
15132,g7,5,2nd,no
15132,g3,7,1st,no
15131,g7,4,4th,no
15131,g3,4,3rd,no
15131,g1,4,2nd,no
15131,g6,7,1st,no
249,g4,0,4th,no
6319,g2,5,3rd,no
6319,g8,6,2nd,no
6319,g4,7,1st,no
2578,g2,2,4th,no
2578,g3,4,3rd,no
2578,g9,5,2nd,no
2578,g8,8,1st,no
2577,g9,3,4th,no
16392,g6,5,3rd,no
16392,g3,5,2nd,no
16392,g7,6,1st,no
16391,g1,2,4th,no
16391,g3,4,3rd,no
16391,g7,6,2nd,no
16391,g6,7,1st,no
11458,g2,1,4th,no
16398,g1,3,3rd,no
16398,g3,6,2nd,no
16398,g8,6,1st,no
7565,g4,3,4th,no
7565,g2,4,3rd,no
7565,g6,6,2nd,no
7565,g3,6,1st,no
11451,g1,2,4th,no
11451,g6,4,3rd,no
11451,g3,5,2nd,no
11451,g9,8,1st,no
11452,g6,2,4th,no
2594,g4,4,3rd,no
2594,g1,4,2nd,no
2594,g3,8,1st,no
2595,g6,0,4th,no
2595,g2,0,3rd,no
2595,g4,1,2nd,no
2595,g3,2,1st,no
2596,g1,2,4th,no
2596,g3,3,3rd,no
2596,g7,7,2nd,no
2596,g2,7,1st,no
13972,g2,3,4th,no
2591,g4,5,3rd,no
2591,g2,5,2nd,no
2591,g1,6,1st,no
2592,g6,0,4th,no
2592,g2,0,3rd,no
2592,g1,0,2nd,no
2592,g3,1,1st,no
1341,g6,1,4th,no
1341,g7,5,3rd,no
1341,g1,5,2nd,no
1341,g3,7,1st,no
1342,g2,2,4th,no
1342,g6,4,3rd,no
1342,g7,7,2nd,no
1342,g3,7,1st,no
2598,g4,2,4th,no
2598,g1,3,3rd,no
2598,g7,4,2nd,no
2598,g3,7,1st,no
2599,g2,3,4th,no
2599,g4,4,3rd,no
2599,g3,4,2nd,no
2599,g7,7,1st,no
1346,g2,3,4th,no
1346,g8,4,3rd,no
1346,g1,5,2nd,no
1346,g3,7,1st,no
16437,g3,4,4th,no
16438,g8,4,3rd,no
16438,g2,5,2nd,no
16438,g9,6,1st,no
16498,g2,1,4th,no
10151,g1,4,3rd,no
10151,g3,5,2nd,no
10151,g2,7,1st,no
2626,g1,1,4th,no
16454,g4,4,3rd,no
16454,g3,5,2nd,no
16454,g1,6,1st,no
10154,g6,2,4th,no
3871,g6,4,3rd,no
3871,g3,6,2nd,no
3871,g8,6,1st,no
3872,g6,4,4th,no
3872,g2,4,3rd,no
3872,g3,6,2nd,no
3872,g8,6,1st,no
2629,g2,3,4th,no
2629,g4,4,3rd,no
2629,g3,5,2nd,no
2629,g9,7,1st,no
3877,g1,2,4th,no
3877,g3,4,3rd,no
3877,g7,5,2nd,no
3877,g8,7,1st,no
1508,g4,3,4th,no
11,g3,4,3rd,no
11,g7,6,2nd,no
11,g6,6,1st,no
7564,g4,3,4th,no
7564,g6,4,3rd,no
7564,g1,4,2nd,no
7564,g3,7,1st,no
3886,g2,2,4th,no
16,g1,4,3rd,no
16,g2,5,2nd,no
16,g3,7,1st,no
19,g4,4,4th,no
19,g2,4,3rd,no
19,g8,5,2nd,no
19,g3,7,1st,no
18,g3,4,4th,no
18,g8,4,3rd,no
18,g1,5,2nd,no
18,g4,6,1st,no
6408,g4,1,4th,no
6408,g1,4,3rd,no
6408,g3,5,2nd,no
6408,g9,7,1st,no
6409,g2,2,4th,no
6409,g4,4,3rd,no
6409,g3,7,2nd,no
6409,g9,7,1st,no
3889,g4,2,4th,no
3889,g2,4,3rd,no
3889,g3,6,2nd,no
3889,g9,7,1st,no
3888,g1,3,4th,no
3888,g4,4,3rd,no
3888,g9,5,2nd,no
3888,g3,6,1st,no
7568,g1,3,4th,no
7568,g7,5,3rd,no
7568,g3,5,2nd,no
7568,g4,6,1st,no
7569,g7,2,4th,no
10152,g1,3,3rd,no
10152,g6,5,2nd,no
10152,g3,7,1st,no
3907,g3,3,4th,no
3907,g1,4,3rd,no
3907,g8,4,2nd,no
3907,g9,7,1st,no
13866,g1,0,4th,no
16508,g3,5,3rd,no
16508,g8,5,2nd,no
16508,g9,7,1st,no
16507,g1,3,4th,no
16507,g8,4,3rd,no
16507,g3,5,2nd,no
16507,g9,5,1st,no
3908,g2,4,4th,no
3908,g8,4,3rd,no
3908,g3,5,2nd,no
3908,g9,7,1st,no
12619,g3,4,4th,no
12619,g2,4,3rd,no
12619,g4,5,2nd,no
12619,g8,6,1st,no
12618,g4,2,4th,no
12618,g1,4,3rd,no
12618,g8,5,2nd,no
12618,g3,7,1st,no
10156,g2,4,4th,no
10156,g1,4,3rd,no
10156,g7,5,2nd,no
10156,g3,6,1st,no
12612,g6,4,4th,no
12612,g3,4,3rd,no
12612,g2,5,2nd,no
12612,g7,6,1st,no
12611,g3,2,4th,no
12611,g1,4,3rd,no
12611,g7,6,2nd,no
12611,g6,7,1st,no
13896,g1,2,4th,no
10088,g1,4,3rd,no
10088,g4,5,2nd,no
10088,g7,6,1st,no
10089,g3,3,4th,no
15231,g3,4,3rd,no
15231,g1,4,2nd,no
15231,g9,9,1st,no
10084,g4,2,4th,no
10084,g1,4,3rd,no
10084,g3,5,2nd,no
10084,g6,8,1st,no
10085,g2,2,4th,no
10085,g3,5,3rd,no
10085,g6,6,2nd,no
10085,g4,6,1st,no
10086,g2,2,4th,no
10086,g1,4,3rd,no
10086,g3,5,2nd,no
10086,g7,8,1st,no
15156,g9,3,4th,no
8859,g4,5,3rd,no
8859,g2,6,2nd,no
8859,g9,6,1st,no
10082,g2,2,4th,no
10082,g1,3,3rd,no
10082,g3,6,2nd,no
10082,g6,8,1st,no
13899,g2,3,4th,no
2628,g4,4,3rd,no
2628,g3,6,2nd,no
2628,g9,7,1st,no
8929,g4,1,4th,no
8929,g2,4,3rd,no
8929,g3,5,2nd,no
8929,g9,7,1st,no
8847,g1,3,4th,no
8847,g7,5,3rd,no
8847,g3,5,2nd,no
8847,g8,5,1st,no
2872,g6,0,4th,no
2872,g3,0,3rd,no
2872,g2,0,2nd,no
2872,g1,0,1st,no
10159,g4,3,4th,no
10159,g2,4,3rd,no
10159,g7,6,2nd,no
10159,g3,6,1st,no
10178,g2,3,4th,no
2878,g4,0,3rd,no
2878,g3,0,2nd,no
2878,g1,0,1st,no
7638,g4,3,4th,no
7669,g2,3,3rd,no
7669,g9,5,2nd,no
7669,g3,8,1st,no
76,g3,3,4th,no
76,g2,4,3rd,no
76,g1,4,2nd,no
76,g7,7,1st,no
75,g4,3,4th,no
75,g6,5,3rd,no
75,g3,5,2nd,no
75,g2,6,1st,no
74,g6,2,4th,no
74,g1,4,3rd,no
74,g4,6,2nd,no
74,g3,7,1st,no
72,g6,0,4th,no
72,g2,0,3rd,no
72,g1,0,2nd,no
72,g3,3,1st,no
71,g2,2,4th,no
71,g3,5,3rd,no
71,g4,6,2nd,no
71,g1,6,1st,no
79,g2,3,4th,no
79,g4,4,3rd,no
79,g7,5,2nd,no
79,g3,7,1st,no
78,g4,3,4th,no
78,g3,4,3rd,no
78,g1,5,2nd,no
78,g7,8,1st,no
11411,g2,0,4th,no
11411,g3,1,3rd,no
11411,g1,2,2nd,no
11411,g4,3,1st,no
11412,g6,3,4th,no
11412,g1,3,3rd,no
11412,g3,5,2nd,no
11412,g2,7,1st,no
1479,g4,3,4th,no
11414,g1,4,3rd,no
11414,g6,5,2nd,no
11414,g3,7,1st,no
11415,g6,0,4th,no
11415,g4,0,3rd,no
11415,g3,0,2nd,no
11415,g2,0,1st,no
11416,g2,3,4th,no
11416,g1,3,3rd,no
11416,g7,5,2nd,no
11416,g3,6,1st,no
11418,g4,2,4th,no
11418,g1,3,3rd,no
11418,g7,5,2nd,no
11418,g3,7,1st,no
11419,g2,3,4th,no
11419,g3,4,3rd,no
11419,g7,5,2nd,no
11419,g4,5,1st,no
15141,g1,2,4th,no
16477,g8,5,3rd,no
16477,g7,6,2nd,no
16477,g3,6,1st,no
15168,g2,3,4th,no
15168,g3,4,3rd,no
15168,g7,6,2nd,no
15168,g9,6,1st,no
1269,g4,3,4th,no
1269,g3,4,3rd,no
1269,g2,5,2nd,no
1269,g7,6,1st,no
1268,g4,4,4th,no
1268,g1,4,3rd,no
1268,g7,5,2nd,no
1268,g3,6,1st,no
16472,g6,0,4th,no
16472,g3,0,3rd,no
16472,g2,0,2nd,no
16472,g8,3,1st,no
16471,g1,2,4th,no
16471,g6,3,3rd,no
16471,g8,5,2nd,no
16471,g3,7,1st,no
1262,g1,3,4th,no
1262,g6,5,3rd,no
1262,g3,5,2nd,no
1262,g2,7,1st,no
1261,g1,3,4th,no
1266,g2,2,3rd,no
1266,g7,7,2nd,no
1266,g1,8,1st,no
1265,g2,3,4th,no
1265,g4,4,3rd,no
1265,g6,6,2nd,no
1265,g3,6,1st,no
1264,g4,2,4th,no
1264,g3,4,3rd,no
1264,g1,5,2nd,no
1264,g6,7,1st,no
15202,g6,3,4th,no
15202,g3,4,3rd,no
15202,g7,6,2nd,no
15202,g2,6,1st,no
11361,g1,2,4th,no
2525,g3,3,3rd,no
2525,g2,4,2nd,no
2525,g4,9,1st,no
2524,g1,3,4th,no
2526,g1,4,3rd,no
2526,g7,6,2nd,no
2526,g3,6,1st,no
2521,g2,3,4th,no
2521,g3,5,3rd,no
2521,g1,5,2nd,no
2521,g4,6,1st,no
2522,g1,2,4th,no
2522,g6,4,3rd,no
2522,g3,6,2nd,no
2522,g2,7,1st,no
7617,g3,3,4th,no
7617,g8,4,3rd,no
7617,g9,6,2nd,no
7617,g1,6,1st,no
2529,g2,2,4th,no
2529,g4,4,3rd,no
2529,g7,6,2nd,no
2529,g3,7,1st,no
2528,g1,1,4th,no
11467,g9,4,3rd,no
11467,g8,6,2nd,no
11467,g3,7,1st,no
16382,g2,3,4th,no
8,g1,4,3rd,no
8,g4,5,2nd,no
8,g7,6,1st,no
11468,g8,2,4th,no
11468,g3,3,3rd,no
11468,g2,5,2nd,no
11468,g9,8,1st,no
16384,g6,3,4th,no
16384,g3,4,3rd,no
16384,g4,6,2nd,no
16384,g1,6,1st,no
1317,g3,4,4th,no
1317,g8,4,3rd,no
1317,g1,5,2nd,no
1317,g9,6,1st,no
7566,g1,2,4th,no
7566,g2,3,3rd,no
7566,g7,7,2nd,no
7566,g3,7,1st,no
5067,g3,2,4th,no
5067,g1,3,3rd,no
5067,g7,6,2nd,no
5067,g8,8,1st,no
5061,g1,3,4th,no
5148,g1,4,3rd,no
5148,g3,5,2nd,no
5148,g9,6,1st,no
5062,g3,3,4th,no
5062,g6,4,3rd,no
5062,g2,4,2nd,no
5062,g8,8,1st,no
5146,g3,3,4th,no
5068,g7,5,3rd,no
5068,g3,5,2nd,no
5068,g8,5,1st,no
1318,g8,2,4th,no
1318,g2,4,3rd,no
1318,g3,6,2nd,no
1318,g9,7,1st,no
12,g2,3,4th,no
12,g7,5,3rd,no
12,g6,5,2nd,no
12,g3,6,1st,no
127,g3,2,4th,no
127,g8,4,3rd,no
127,g9,6,2nd,no
127,g1,7,1st,no
128,g2,2,4th,no
128,g3,5,3rd,no
128,g9,5,2nd,no
128,g8,5,1st,no
2,g2,2,4th,no
2,g1,2,3rd,no
2,g6,7,2nd,no
2,g3,8,1st,no
15167,g1,3,4th,no
13878,g4,4,3rd,no
13878,g1,4,2nd,no
13878,g8,8,1st,no
15195,g6,0,4th,no
15195,g4,0,3rd,no
15195,g2,0,2nd,no
15195,g3,1,1st,no
15194,g6,4,4th,no
15194,g4,4,3rd,no
15194,g1,5,2nd,no
15194,g3,6,1st,no
15196,g1,2,4th,no
15196,g2,3,3rd,no
15196,g7,7,2nd,no
15196,g3,7,1st,no
15191,g4,3,4th,no
15191,g2,3,3rd,no
15191,g1,4,2nd,no
15191,g3,9,1st,no
15192,g6,3,4th,no
15192,g1,4,3rd,no
15192,g2,5,2nd,no
15192,g3,8,1st,no
7561,g4,2,4th,no
7561,g2,4,3rd,no
7561,g1,5,2nd,no
7561,g3,8,1st,no
15199,g2,3,4th,no
15199,g4,4,3rd,no
15199,g3,5,2nd,no
15199,g7,7,1st,no
15198,g4,2,4th,no
6311,g3,5,3rd,no
6311,g1,5,2nd,no
6311,g6,6,1st,no
1388,g2,3,4th,no
1388,g9,4,3rd,no
1388,g3,5,2nd,no
1388,g8,6,1st,no
15238,g2,1,4th,no
15238,g3,4,3rd,no
15238,g7,6,2nd,no
15238,g9,7,1st,no
6318,g4,3,4th,no
6318,g1,3,3rd,no
6318,g8,4,2nd,no
6318,g3,8,1st,no
1387,g1,3,4th,no
1387,g3,4,3rd,no
1387,g8,4,2nd,no
1387,g9,7,1st,no
12727,g8,2,4th,no
12727,g1,3,3rd,no
12727,g9,7,2nd,no
12727,g3,8,1st,no
7688,g2,1,4th,no
7688,g8,4,3rd,no
7688,g3,5,2nd,no
7688,g9,8,1st,no
3827,g1,1,4th,no
3822,g6,5,3rd,no
3822,g3,5,2nd,no
3822,g2,5,1st,no
3821,g1,3,4th,no
3828,g7,5,3rd,no
3828,g2,5,2nd,no
3828,g9,6,1st,no
10128,g2,2,4th,no
10122,g9,5,3rd,no
10122,g6,6,2nd,no
10122,g3,6,1st,no
10121,g6,3,4th,no
10121,g1,3,3rd,no
10121,g3,6,2nd,no
10121,g9,6,1st,no
10127,g3,3,4th,no
10127,g1,3,3rd,no
10127,g9,6,2nd,no
10127,g7,7,1st,no
13901,g1,4,4th,no
13901,g6,5,3rd,no
13901,g3,5,2nd,no
13901,g9,5,1st,no
5098,g2,4,4th,no
5098,g3,5,3rd,no
5098,g9,5,2nd,no
5098,g8,5,1st,no
13902,g2,4,4th,no
13902,g9,4,3rd,no
13902,g6,6,2nd,no
13902,g3,6,1st,no
11368,g8,2,4th,no
11367,g8,4,3rd,no
11367,g3,5,2nd,no
11367,g7,6,1st,no
15229,g2,3,4th,no
15229,g3,4,3rd,no
15229,g4,5,2nd,no
15229,g9,6,1st,no
13868,g4,3,4th,no
13868,g1,3,3rd,no
13868,g7,6,2nd,no
13868,g3,6,1st,no
11362,g3,3,4th,no
11362,g2,4,3rd,no
11362,g6,5,2nd,no
11362,g8,7,1st,no
5097,g9,4,4th,no
13864,g4,4,3rd,no
13864,g6,6,2nd,no
13864,g1,7,1st,no
13908,g2,3,4th,no
10186,g1,2,3rd,no
10186,g3,4,2nd,no
10186,g9,9,1st,no
2739,g2,1,4th,no
12648,g3,4,3rd,no
12648,g7,6,2nd,no
12648,g9,6,1st,no
13971,g6,3,4th,no
13971,g3,5,3rd,no
13971,g1,5,2nd,no
13971,g9,7,1st,no
3798,g1,1,4th,no
12647,g3,5,3rd,no
12647,g1,5,2nd,no
12647,g7,6,1st,no
16402,g8,4,4th,no
16402,g6,5,3rd,no
16402,g3,5,2nd,no
16402,g2,6,1st,no
15124,g4,3,4th,no
15124,g3,5,3rd,no
15124,g1,5,2nd,no
15124,g6,6,1st,no
15125,g4,4,4th,no
15125,g2,4,3rd,no
15125,g6,5,2nd,no
15125,g3,7,1st,no
15126,g1,3,4th,no
15122,g3,4,3rd,no
15122,g2,5,2nd,no
15122,g6,7,1st,no
28,g2,4,4th,no
15128,g4,4,3rd,no
15128,g1,4,2nd,no
15128,g3,7,1st,no
15129,g2,3,4th,no
7651,g1,4,3rd,no
7651,g8,5,2nd,no
7651,g3,6,1st,no
258,g7,4,4th,no
2567,g1,4,3rd,no
2567,g3,5,2nd,no
2567,g7,6,1st,no
11429,g4,2,4th,no
11429,g8,3,3rd,no
11429,g3,6,2nd,no
11429,g2,8,1st,no
11428,g4,0,4th,no
11421,g1,2,3rd,no
11421,g7,5,2nd,no
11421,g3,6,1st,no
11422,g2,2,4th,no
11422,g6,3,3rd,no
11422,g3,6,2nd,no
11422,g7,7,1st,no
11426,g1,1,4th,no
11426,g2,4,3rd,no
11426,g8,6,2nd,no
11426,g3,8,1st,no
1358,g2,2,4th,no
1358,g8,4,3rd,no
1358,g7,5,2nd,no
1358,g3,8,1st,no
13966,g3,3,4th,no
13966,g1,3,3rd,no
13966,g2,5,2nd,no
13966,g9,7,1st,no
6321,g3,2,4th,no
6321,g8,3,3rd,no
6321,g1,4,2nd,no
6321,g6,10,1st,no
15237,g1,2,4th,no
15237,g3,3,3rd,no
15237,g9,6,2nd,no
15237,g7,7,1st,no
1352,g6,0,4th,no
1352,g2,0,3rd,no
1352,g3,3,2nd,no
1352,g8,3,1st,no
1351,g6,2,4th,no
1351,g1,4,3rd,no
1351,g8,5,2nd,no
1351,g3,7,1st,no
13969,g4,3,4th,no
13969,g3,4,3rd,no
13969,g2,5,2nd,no
13969,g9,7,1st,no
1357,g8,3,4th,no
6357,g9,4,3rd,no
6357,g8,5,2nd,no
6357,g1,6,1st,no
6358,g8,3,4th,no
5115,g4,4,3rd,no
5115,g3,4,2nd,no
5115,g2,6,1st,no
5114,g6,3,4th,no
5114,g1,3,3rd,no
5114,g4,4,2nd,no
5114,g3,7,1st,no
3869,g4,4,4th,no
3869,g2,4,3rd,no
3869,g8,5,2nd,no
3869,g3,6,1st,no
5116,g1,2,4th,no
5116,g3,5,3rd,no
5116,g2,5,2nd,no
5116,g7,6,1st,no
5111,g4,3,4th,no
5111,g1,3,3rd,no
5111,g2,6,2nd,no
5111,g3,7,1st,no
2638,g2,1,4th,no
2638,g3,4,3rd,no
2638,g7,6,2nd,no
2638,g9,7,1st,no
10169,g4,2,4th,no
10169,g3,5,3rd,no
10169,g2,5,2nd,no
10169,g8,6,1st,no
5112,g2,1,4th,no
5112,g1,4,3rd,no
5112,g6,6,2nd,no
5112,g3,7,1st,no
3862,g6,3,4th,no
3862,g7,5,3rd,no
3862,g2,5,2nd,no
3862,g3,6,1st,no
3861,g1,2,4th,no
3861,g6,3,3rd,no
3861,g3,4,2nd,no
3861,g7,10,1st,no
5119,g4,2,4th,no
5119,g3,4,3rd,no
5119,g2,5,2nd,no
5119,g7,8,1st,no
5118,g4,3,4th,no
5118,g1,4,3rd,no
5118,g3,5,2nd,no
5118,g7,6,1st,no
10161,g6,3,4th,no
10161,g1,3,3rd,no
10161,g3,5,2nd,no
10161,g7,7,1st,no
2632,g2,2,4th,no
2632,g6,3,3rd,no
2632,g9,6,2nd,no
2632,g3,8,1st,no
13977,g1,3,4th,no
13977,g7,4,3rd,no
13977,g3,4,2nd,no
13977,g9,6,1st,no
5058,g4,2,4th,no
5058,g3,4,3rd,no
5058,g1,6,2nd,no
5058,g8,7,1st,no
5059,g3,3,4th,no
5059,g2,4,3rd,no
5059,g8,5,2nd,no
5059,g4,7,1st,no
12616,g2,3,4th,no
12616,g3,5,3rd,no
12616,g1,5,2nd,no
12616,g8,6,1st,no
5056,g1,3,4th,no
5056,g2,4,3rd,no
5056,g3,5,2nd,no
5056,g8,7,1st,no
5051,g1,3,4th,no
5051,g6,5,3rd,no
5051,g3,5,2nd,no
5051,g7,6,1st,no
5052,g3,2,4th,no
5052,g2,3,3rd,no
5052,g7,6,2nd,no
5052,g6,9,1st,no
7571,g1,2,4th,no
7571,g3,4,3rd,no
7571,g7,5,2nd,no
7571,g6,8,1st,no
7572,g6,0,4th,no
6418,g9,4,3rd,no
6418,g7,6,2nd,no
6418,g3,6,1st,no
7576,g3,4,4th,no
7576,g2,4,3rd,no
7576,g1,4,2nd,no
7576,g8,7,1st,no
7579,g8,3,4th,no
7579,g3,4,3rd,no
7579,g4,6,2nd,no
7579,g2,6,1st,no
7578,g3,2,4th,no
7578,g1,4,3rd,no
7578,g4,5,2nd,no
7578,g8,7,1st,no
6417,g1,3,4th,no
6417,g7,5,3rd,no
6417,g9,5,2nd,no
6417,g3,6,1st,no
6411,g1,2,4th,no
6411,g6,3,3rd,no
6411,g3,7,2nd,no
6411,g9,7,1st,no
6412,g6,3,4th,no
6412,g2,3,3rd,no
6412,g9,5,2nd,no
6412,g3,7,1st,no
2741,g7,0,4th,no
2741,g6,0,3rd,no
2741,g3,0,2nd,no
2741,g1,0,1st,no
2742,g6,2,4th,no
12608,g1,3,3rd,no
12608,g3,6,2nd,no
12608,g7,7,1st,no
12609,g2,2,4th,no
12609,g4,4,3rd,no
12609,g3,5,2nd,no
12609,g7,8,1st,no
6342,g3,3,4th,no
6342,g9,4,3rd,no
6342,g6,6,2nd,no
6342,g2,6,1st,no
7631,g4,0,4th,no
7631,g2,0,3rd,no
7631,g1,0,2nd,no
7631,g3,1,1st,no
11358,g4,4,4th,no
11358,g1,4,3rd,no
11358,g8,5,2nd,no
11358,g3,6,1st,no
12601,g4,2,4th,no
12601,g2,3,3rd,no
12601,g3,7,2nd,no
12601,g1,7,1st,no
12602,g6,1,4th,no
12604,g4,4,3rd,no
12604,g3,5,2nd,no
12604,g6,6,1st,no
12605,g4,4,4th,no
12605,g2,4,3rd,no
12605,g3,5,2nd,no
12605,g6,6,1st,no
12606,g7,3,4th,no
12606,g2,4,3rd,no
12606,g1,4,2nd,no
12606,g3,8,1st,no
11397,g3,4,4th,no
11397,g8,4,3rd,no
11397,g9,5,2nd,no
11397,g1,6,1st,no
6347,g7,4,4th,no
13978,g3,4,3rd,no
13978,g7,6,2nd,no
13978,g9,7,1st,no
11398,g8,3,4th,no
11398,g9,4,3rd,no
11398,g2,5,2nd,no
11398,g3,7,1st,no
8912,g6,0,4th,no
6348,g2,4,3rd,no
6348,g3,5,2nd,no
6348,g7,7,1st,no
15201,g6,3,4th,no
15201,g3,3,3rd,no
15201,g1,4,2nd,no
15201,g7,7,1st,no
8918,g3,3,4th,no
8918,g7,5,3rd,no
8918,g2,5,2nd,no
8918,g8,5,1st,no
8856,g1,3,4th,no
15161,g6,4,3rd,no
15161,g3,6,2nd,no
15161,g9,6,1st,no
7652,g6,3,4th,no
3808,g2,5,3rd,no
3808,g7,6,2nd,no
3808,g3,6,1st,no
8848,g2,2,4th,no
12679,g2,4,3rd,no
12679,g7,5,2nd,no
12679,g3,5,1st,no
12678,g1,3,4th,no
12678,g7,5,3rd,no
12678,g4,5,2nd,no
12678,g3,5,1st,no
12675,g6,0,4th,no
12675,g2,0,3rd,no
12675,g4,2,2nd,no
12675,g3,2,1st,no
12674,g4,3,4th,no
12674,g1,3,3rd,no
12674,g6,4,2nd,no
12674,g3,9,1st,no
12676,g1,2,4th,no
12676,g2,3,3rd,no
12676,g7,5,2nd,no
12676,g3,8,1st,no
10189,g4,3,4th,no
10189,g2,3,3rd,no
10189,g3,6,2nd,no
10189,g9,6,1st,no
10188,g4,0,4th,no
10188,g1,0,3rd,no
10188,g3,1,2nd,no
10188,g9,1,1st,no
12672,g2,4,4th,no
16461,g3,4,3rd,no
16461,g1,4,2nd,no
16461,g7,7,1st,no
15136,g2,3,4th,no
15136,g8,4,3rd,no
15136,g1,5,2nd,no
15136,g3,7,1st,no
16466,g1,3,4th,no
16466,g3,4,3rd,no
16466,g8,5,2nd,no
16466,g2,6,1st,no
16468,g3,3,4th,no
16468,g1,4,3rd,no
16468,g4,5,2nd,no
16468,g8,6,1st,no
16469,g4,3,4th,no
15212,g2,0,3rd,no
15212,g8,0,2nd,no
15212,g3,1,1st,no
3802,g3,4,4th,no
3802,g8,4,3rd,no
3802,g6,6,2nd,no
3802,g2,6,1st,no
8842,g3,4,4th,no
58,g8,4,3rd,no
58,g3,5,2nd,no
58,g2,6,1st,no
2556,g1,3,4th,no
2556,g3,5,3rd,no
2556,g2,5,2nd,no
2556,g9,6,1st,no
7608,g3,3,4th,no
7608,g2,3,3rd,no
7608,g9,6,2nd,no
7608,g7,7,1st,no
2558,g4,2,4th,no
2558,g1,3,3rd,no
2558,g9,5,2nd,no
2558,g3,9,1st,no
2559,g4,1,4th,no
57,g9,5,3rd,no
57,g8,5,2nd,no
57,g1,6,1st,no
6391,g6,3,4th,no
6391,g1,4,3rd,no
6391,g3,5,2nd,no
6391,g8,7,1st,no
6397,g3,4,4th,no
6397,g8,4,3rd,no
6397,g7,5,2nd,no
6397,g1,6,1st,no
7601,g1,1,4th,no
6392,g2,0,3rd,no
6392,g8,0,2nd,no
6392,g3,1,1st,no
1481,g6,4,4th,no
13879,g4,5,3rd,no
13879,g3,5,2nd,no
13879,g2,5,1st,no
2778,g9,3,4th,no
5158,g9,2,3rd,no
5158,g3,5,2nd,no
5158,g2,7,1st,no
5151,g6,3,4th,no
5151,g3,5,3rd,no
5151,g9,5,2nd,no
5151,g1,5,1st,no
2771,g6,4,4th,no
5157,g3,4,3rd,no
5157,g9,5,2nd,no
5157,g7,8,1st,no
7602,g2,3,4th,no
7602,g6,4,3rd,no
7602,g3,6,2nd,no
7602,g9,6,1st,no
7658,g2,1,4th,no
117,g7,5,3rd,no
117,g3,5,2nd,no
117,g9,6,1st,no
13918,g2,3,4th,no
13918,g3,5,3rd,no
13918,g8,5,2nd,no
13918,g9,6,1st,no
111,g6,3,4th,no
111,g3,4,3rd,no
111,g1,5,2nd,no
111,g9,7,1st,no
112,g6,3,4th,no
112,g3,4,3rd,no
112,g2,5,2nd,no
112,g9,6,1st,no
13917,g1,3,4th,no
13917,g3,5,3rd,no
13917,g9,5,2nd,no
13917,g8,6,1st,no
118,g2,3,4th,no
118,g3,4,3rd,no
118,g7,5,2nd,no
118,g9,7,1st,no
12671,g2,3,4th,no
12671,g1,4,3rd,no
12671,g4,5,2nd,no
12671,g3,7,1st,no
2787,g8,0,4th,no
6309,g4,5,3rd,no
6309,g2,5,2nd,no
6309,g7,6,1st,no
6308,g4,4,4th,no
6308,g3,4,3rd,no
6308,g1,4,2nd,no
6308,g7,7,1st,no
6305,g6,1,4th,no
6305,g2,5,3rd,no
6305,g3,6,2nd,no
6305,g4,7,1st,no
6304,g6,2,4th,no
6306,g2,4,3rd,no
6306,g1,5,2nd,no
6306,g7,6,1st,no
6301,g4,3,4th,no
2606,g2,4,3rd,no
2606,g8,5,2nd,no
2606,g3,7,1st,no
10137,g8,3,4th,no
10137,g3,4,3rd,no
10137,g9,6,2nd,no
10137,g1,6,1st,no
3816,g1,3,4th,no
3816,g2,4,3rd,no
3816,g3,5,2nd,no
3816,g9,7,1st,no
2601,g6,3,4th,no
2601,g1,3,3rd,no
2601,g3,5,2nd,no
2601,g7,8,1st,no
2602,g6,2,4th,no
3818,g4,5,3rd,no
3818,g9,5,2nd,no
3818,g1,7,1st,no
3819,g2,2,4th,no
3819,g4,3,3rd,no
3819,g3,7,2nd,no
3819,g9,7,1st,no
2608,g4,3,4th,no
2608,g1,4,3rd,no
2608,g3,6,2nd,no
2608,g8,6,1st,no
2609,g8,2,4th,no
5128,g1,3,3rd,no
5128,g8,4,2nd,no
5128,g3,7,1st,no
5129,g3,4,4th,no
5129,g2,4,3rd,no
5129,g4,5,2nd,no
5129,g8,6,1st,no
1491,g8,0,4th,no
1491,g1,3,3rd,no
1491,g3,4,2nd,no
1491,g6,5,1st,no
5126,g1,2,4th,no
5126,g2,4,3rd,no
5126,g3,5,2nd,no
5126,g8,8,1st,no
10177,g8,3,4th,no
10177,g3,5,3rd,no
10177,g1,5,2nd,no
10177,g7,6,1st,no
5121,g1,2,4th,no
5121,g6,3,3rd,no
5121,g7,7,2nd,no
5121,g3,7,1st,no
5122,g6,3,4th,no
5122,g2,3,3rd,no
5122,g7,5,2nd,no
5122,g3,6,1st,no
11359,g4,3,4th,no
11359,g2,3,3rd,no
11359,g3,7,2nd,no
11359,g8,7,1st,no
5088,g7,3,4th,no
5088,g2,3,3rd,no
5088,g9,5,2nd,no
5088,g3,8,1st,no
10138,g2,4,4th,no
10138,g9,4,3rd,no
10138,g3,5,2nd,no
10138,g8,5,1st,no
8899,g3,3,4th,no
8899,g2,3,3rd,no
8899,g4,4,2nd,no
8899,g7,8,1st,no
7668,g1,2,4th,no
7668,g4,3,3rd,no
7668,g3,6,2nd,no
7668,g9,6,1st,no
5082,g6,4,4th,no
5082,g3,4,3rd,no
5082,g9,4,2nd,no
5082,g2,7,1st,no
5081,g1,3,4th,no
5081,g6,4,3rd,no
5081,g3,6,2nd,no
5081,g9,6,1st,no
8894,g6,3,4th,no
8894,g4,3,3rd,no
8894,g1,4,2nd,no
8894,g3,9,1st,no
5087,g9,4,4th,no
5087,g1,4,3rd,no
5087,g7,6,2nd,no
5087,g3,6,1st,no
8892,g6,2,4th,no
8892,g3,5,3rd,no
8892,g2,5,2nd,no
8892,g1,6,1st,no
8891,g4,0,4th,no
8891,g2,0,3rd,no
8891,g1,0,2nd,no
8891,g3,1,1st,no
2671,g1,19,4th,no
16427,g7,4,3rd,no
16427,g1,5,2nd,no
16427,g9,7,1st,no
15226,g1,3,4th,no
12636,g9,5,3rd,no
12636,g2,5,2nd,no
12636,g3,6,1st,no
12639,g2,3,4th,no
12639,g4,5,3rd,no
12639,g9,5,2nd,no
12639,g3,6,1st,no
8938,g2,2,4th,no
8821,g1,4,3rd,no
8821,g2,5,2nd,no
8821,g3,6,1st,no
8826,g7,3,4th,no
8826,g2,3,3rd,no
8826,g1,4,2nd,no
8826,g3,9,1st,no
8824,g6,4,4th,no
8824,g3,4,3rd,no
8824,g1,4,2nd,no
8824,g4,7,1st,no
8825,g3,3,4th,no
8825,g2,3,3rd,no
8825,g6,5,2nd,no
8825,g4,8,1st,no
13946,g2,3,4th,no
13946,g1,3,3rd,no
13946,g8,5,2nd,no
13946,g3,7,1st,no
8828,g1,3,4th,no
8828,g7,5,3rd,no
8828,g3,5,2nd,no
8828,g4,6,1st,no
7666,g3,2,4th,no
12681,g1,3,3rd,no
12681,g3,5,2nd,no
12681,g7,6,1st,no
15159,g2,2,4th,no
12682,g3,4,3rd,no
12682,g2,5,2nd,no
12682,g7,7,1st,no
7642,g6,0,4th,no
7642,g3,2,3rd,no
7642,g2,2,2nd,no
7642,g7,4,1st,no
7641,g1,3,4th,no
7641,g6,4,3rd,no
7641,g7,6,2nd,no
7641,g3,6,1st,no
7646,g2,2,4th,no
7649,g4,4,3rd,no
7649,g3,5,2nd,no
7649,g8,8,1st,no
7648,g1,3,4th,no
12686,g8,3,3rd,no
12686,g3,7,2nd,no
12686,g1,7,1st,no
1482,g7,0,4th,no
1482,g6,0,3rd,no
1482,g3,0,2nd,no
1482,g2,0,1st,no
10081,g4,3,4th,no
12688,g4,4,3rd,no
12688,g3,5,2nd,no
12688,g8,8,1st,no
11438,g3,2,4th,no
11438,g2,4,3rd,no
11438,g7,5,2nd,no
11438,g8,7,1st,no
12711,g1,3,4th,no
12711,g6,4,3rd,no
12711,g3,5,2nd,no
12711,g9,6,1st,no
12689,g2,3,4th,no
12689,g8,4,3rd,no
12689,g4,5,2nd,no
12689,g3,6,1st,no
11432,g6,4,4th,no
11432,g3,4,3rd,no
11432,g2,6,2nd,no
11432,g8,6,1st,no
11431,g6,3,4th,no
11431,g1,3,3rd,no
11431,g8,6,2nd,no
11431,g3,7,1st,no
11437,g3,4,4th,no
11437,g1,4,3rd,no
11437,g8,5,2nd,no
11437,g7,6,1st,no
1486,g2,0,4th,no
1488,g3,0,3rd,no
1488,g1,0,2nd,no
1488,g8,0,1st,no
156,g8,18,4th,no
13952,g3,0,3rd,no
13952,g2,0,2nd,no
13952,g8,0,1st,no
13951,g8,0,4th,no
13951,g3,1,3rd,no
13951,g1,2,2nd,no
13951,g6,4,1st,no
16459,g2,2,4th,no
16459,g4,5,3rd,no
16459,g3,5,2nd,no
16459,g7,6,1st,no
16458,g4,2,4th,no
16458,g1,2,3rd,no
16458,g3,4,2nd,no
16458,g7,10,1st,no
16451,g2,3,4th,no
16455,g4,1,3rd,no
16455,g6,3,2nd,no
16455,g3,4,1st,no
1489,g4,6,4th,no
16456,g2,4,3rd,no
16456,g3,5,2nd,no
16456,g7,6,1st,no
6341,g3,4,4th,no
48,g7,5,3rd,no
48,g2,5,2nd,no
48,g9,6,1st,no
47,g1,3,4th,no
47,g3,4,3rd,no
47,g7,5,2nd,no
47,g9,5,1st,no
42,g6,4,4th,no
42,g3,5,3rd,no
42,g2,5,2nd,no
42,g9,5,1st,no
16388,g4,2,4th,no
16388,g7,5,3rd,no
16388,g1,5,2nd,no
16388,g3,7,1st,no
41,g6,3,4th,no
1298,g9,5,3rd,no
1298,g1,5,2nd,no
1298,g3,7,1st,no
1299,g2,2,4th,no
16416,g1,4,3rd,no
16416,g9,6,2nd,no
16416,g3,6,1st,no
10162,g6,3,4th,no
1296,g9,5,3rd,no
1296,g2,5,2nd,no
1296,g3,7,1st,no
13968,g4,2,4th,no
2648,g3,5,3rd,no
2648,g8,5,2nd,no
2648,g9,7,1st,no
5167,g1,3,4th,no
5167,g8,4,3rd,no
5167,g9,5,2nd,no
5167,g3,7,1st,no
5168,g2,4,4th,no
5168,g9,4,3rd,no
5168,g3,5,2nd,no
5168,g8,6,1st,no
10171,g1,2,4th,no
10171,g3,4,3rd,no
10171,g8,4,2nd,no
10171,g6,5,1st,no
10172,g6,0,4th,no
10172,g3,0,3rd,no
10172,g2,0,2nd,no
10172,g8,0,1st,no
2647,g3,3,4th,no
2647,g1,4,3rd,no
2647,g9,5,2nd,no
2647,g8,7,1st,no
5049,g2,3,4th,no
5049,g4,4,3rd,no
5049,g3,4,2nd,no
5049,g7,8,1st,no
5048,g7,2,4th,no
5048,g1,3,3rd,no
5048,g3,6,2nd,no
5048,g4,8,1st,no
5046,g1,2,4th,no
5046,g2,4,3rd,no
5046,g3,6,2nd,no
5046,g7,8,1st,no
5045,g4,1,4th,no
5044,g4,4,3rd,no
5044,g3,4,2nd,no
5044,g6,7,1st,no
5042,g6,3,4th,no
5042,g3,5,3rd,no
5042,g1,5,2nd,no
5042,g2,7,1st,no
5041,g1,2,4th,no
5041,g4,5,3rd,no
5041,g3,5,2nd,no
5041,g2,7,1st,no
3782,g2,3,4th,no
3782,g3,4,3rd,no
3782,g1,4,2nd,no
3782,g6,8,1st,no
15162,g2,4,4th,no
15162,g3,5,3rd,no
15162,g9,5,2nd,no
15162,g6,6,1st,no
3781,g4,2,4th,no
3781,g1,2,3rd,no
3781,g3,7,2nd,no
3781,g2,8,1st,no
3786,g1,2,4th,no
3784,g3,4,3rd,no
3784,g1,4,2nd,no
3784,g4,7,1st,no
3785,g6,1,4th,no
7607,g1,4,3rd,no
7607,g9,5,2nd,no
7607,g3,6,1st,no
3788,g4,3,4th,no
3788,g3,4,3rd,no
3788,g1,5,2nd,no
3788,g7,7,1st,no
3789,g3,4,4th,no
3789,g2,4,3rd,no
3789,g4,5,2nd,no
3789,g7,6,1st,no
7581,g3,3,4th,no
7581,g6,4,3rd,no
7581,g1,6,2nd,no
7581,g8,6,1st,no
7582,g3,4,4th,no
7582,g8,4,3rd,no
7582,g2,5,2nd,no
7582,g6,7,1st,no
1366,g2,1,4th,no
1366,g1,2,3rd,no
1366,g9,6,2nd,no
1366,g3,9,1st,no
6336,g1,3,4th,no
6336,g3,4,3rd,no
6336,g9,6,2nd,no
6336,g2,6,1st,no
12621,g3,3,4th,no
12621,g8,4,3rd,no
12621,g1,5,2nd,no
12621,g6,6,1st,no
16428,g2,2,4th,no
16428,g7,5,3rd,no
16428,g3,6,2nd,no
16428,g9,6,1st,no
6338,g4,3,4th,no
6338,g3,3,3rd,no
6338,g1,5,2nd,no
6338,g9,7,1st,no
6339,g4,3,4th,no
6339,g3,5,3rd,no
6339,g2,5,2nd,no
6339,g9,6,1st,no
1368,g1,2,4th,no
1368,g4,4,3rd,no
1368,g3,6,2nd,no
1368,g9,7,1st,no
1369,g4,3,4th,no
